rank,uid,name,exact_source_key,source_sha256,state,primary_coverage,extent_m,foreign_excess_m2,foreign_actor_count,foreign_uids,explicit_op_ids,whole_source_cell,whole_primary_cell,acceptance_approved
1,landsd/193086:0,B333392151502063C0,16a36c3f9437ad1adafcf944acbd09185ba890144c898034ea585f2643f46618/B333392151502063C0,d24d090ed2711744be1b4cd326da724a2a17baa5368720c8ac12e7bd42823b91,complete-original-current-local-forms-captured-primary,0.9950829168250529,6.107204349880742,1.3285934210777939,8,landsd/138449:0;landsd/175729:0;landsd/109962:0;landsd/272788:0;landsd/216203:0;landsd/218911:0;landsd/258087:0;landsd/242391:0,5263894,True,True,False
2,landsd/89917:0,B216233340102062G0,8774826b24626b7ffc7bea4b860ac3a67e12f832c076ac4b81cb88eecd28537a/B216233340102062G0,4407cbd52574f50e6b6bdddc6e581c96bbd0653426f89df0e490ae0b2096935d,complete-original-current-local-forms-captured-primary,0.9739703098420944,5.687488321785647,1.665361214453332,5,landsd/325786:0;landsd/58497:0;landsd/148052:0;landsd/63823:0;landsd/121309:0,2028155,True,True,False
3,landsd/266062:0,MAN FUK HOUSE (BLK A),d5c2873925a517c3fcfee4a1bfb005df6d4e32f688ab69722ae2f61266cb8917/B364461960802063C0,22b458321ca483c53324ee152cb27c382e5ac4dfd745974f169b1c551ac8a6c1,complete-original-current-local-forms-captured-primary,0.9856742687861295,1.8634490773560444,1.8039578820046658,7,landsd/75697:0;landsd/76279:0;landsd/75412:0;landsd/76093:0;landsd/75413:0;landsd/75694:0;landsd/76282:0,,True,True,False
4,landsd/72296:0,LEE KONG COMMERCIAL BUILDING,3756d39d62512c0ba56c0186cd6fcc7ec11f750605c3c924df1e7aa4f1591dd7/B355751853202063C0,50f75b4c2d094f1da18b914601d0b78d2d93f2e1d96ff7ec894b397ac7b07f34,complete-original-current-local-forms-captured-primary,0.9943899395936324,2.3375891576862142,4.092640292673981,3,landsd/147956:0;landsd/145527:0;landsd/253697:0,,True,True,False
5,landsd/231645:0,LIPPO SUN PLAZA,ee5310370d794b09411c6339096cafac14499ead61ccc90912d6073fadb62b8b/B355141753102063C0,cfe390f024ac815a8c8ae3f422724fd72e4cd5c164e7325f9404cd81fc1b46da,complete-original-current-local-forms-captured-primary,0.9990324942383157,3.0691576458039616,4.467684710922192,3,landsd/233997:0;landsd/239465:0;landsd/237843:0,1122496,True,True,False
6,landsd/158003:0,Ever Court,527b6a650115922ae971071770fb2672cfcb85a054a9c5048041eb701429cf50/B357132066201063C0,9feaee0a9981f0ea7bbee401631a0e46ed77c58a04c7e1c0f98fb9fc2c9967fc,complete-original-current-local-forms-captured-primary,0.9959909616863583,4.851036127947827,6.180588371900018,3,landsd/227319:0;landsd/263773:0;landsd/226694:0,1099185,True,True,False
7,landsd/106413:0,Tai Kwei Building,adf1d085a79951ff976393a3672cda66812a6fd2482559fc4b7435331c50964b/B346442034301063C0,797e15e504a549f44c02b55fe11ab769dec45f27f5174c4dc6dc313a7562fe79,complete-original-current-local-forms-captured-primary,0.9927048225902759,4.4907011317956735,8.588843345849217,2,landsd/201002:0;landsd/209728:0,232629,True,True,False
8,landsd/146396:0,Yoho Town Block 8,d8dd631ac65de2790f694981e8402bafd0f0f33e1a65bbce74d03db17e307d4b/B217913364901063C0,fd68a7cc21e0d2377e38ccb781bb2f3510bac0c757111cfcd341a941e7e3ea08,complete-original-current-local-forms-captured-primary,0.9516953332292508,2.1404454663989254,8.877487347660246,1,landsd/231756:0,5285253,True,True,False
9,landsd/191896:0,Tuen Mun Hospital Special Block,f54667a11a4918e55f95112b671840c62f8247be15c5693d191dc9b244d4a809/B156632989901063C0,0e40084c921eda267370e464ce055098fab70c4aa2f29013f94918f78e17f23b,complete-original-current-local-forms-captured-primary,0.9997187089101723,5.635788145247069,11.625801872489985,1,landsd/280350:0,,True,True,False
10,landsd/53800:0,Tung Sing House,a04c53795d53db1d54dd224b5d4b2b9091855f5b8525f82753a981f88bc08438/B341731141601063C0,01b2b8a50351975e57fa036e8c358f72b93209c684a29194b5bcfeebaa2de60c,complete-original-current-local-forms-captured-primary,0.9897073371404275,2.2973186441085924,20.584277533458753,1,landsd/126434:0,,True,True,False
11,landsd/84014:0,B346602012702063C0,adf1d085a79951ff976393a3672cda66812a6fd2482559fc4b7435331c50964b/B346602012702063C0,2f0657211c031b7a4744fa4c1f0397511d1f43e2160919d3ea885eaf12354d80,complete-original-current-local-forms-captured-primary,0.9985442613959942,3.0833502836991964,20.824503536043142,1,landsd/210816:0,,True,True,False
12,landsd/315025:0,The Southside,3823f924cd3de2e96656b14a0733dfa6df00341df154f8076db5d18d627f542d/B353331200602063C0,85be44e7ab9410c850d3b7d59d05df2cd45fc1072ec2f984ddbb7b43c4d9ff7c,complete-original-current-local-forms-captured-primary,0.9949371911411837,5.088477362141993,26.196117483414092,1,landsd/300867:0,6095667,True,True,False
13,landsd/234188:0,OCEAN CENTRE,ee5310370d794b09411c6339096cafac14499ead61ccc90912d6073fadb62b8b/B354001745102063C0,9525abed0ad9c229351f3b8ac2f2847fa12541467851fa2902a47c2f0efc5275,complete-original-current-local-forms-captured-primary,0.9905953471520516,7.091363683835735,26.748407021448372,5,landsd/231469:0;landsd/205767:0;landsd/21915:0;landsd/156599:0;landsd/210743:0,1127500,True,True,False
14,landsd/304557:0,,c26c79e53c4625d7c3e4e0f7ba184edc38f03136d52e2bc74382d1f1a3d4d97b/B401951572602063C0,673b89d0962a9782f4f695099ea000cc0e7ec4dd306a0c40844a07fcc05fc4c4,complete-original-current-local-forms-captured-primary,0.9967039111438835,6.996901885810056,32.65533818512104,5,landsd/212668:0;landsd/214107:0;landsd/213627:0;landsd/213625:0;landsd/212669:0,,True,True,False
15,landsd/236418:0,LAI CHI KOK PARK SWIMMING POOL,c6779ef99ac48e46d9d9404dbb47ee4f0d05d2a85c0f5efd34e929779a54036e/B321792234702063C0,7739bf84368ae38c3afeae2ca2e3bcd0771e12d528dbeecc36521e8e5712a33e,complete-original-current-local-forms-captured-primary,0.996627362045092,2.9983527749136667,32.92443531286333,5,landsd/8375:0;landsd/319844:0;landsd/231783:0;landsd/231786:0;landsd/319843:0,,True,True,False
16,landsd/98845:0,Nob Hill Square,c6779ef99ac48e46d9d9404dbb47ee4f0d05d2a85c0f5efd34e929779a54036e/B321352250102063C0,8e12cea0652e6f513050f0bc45f25316ee0f1373be9b43d965e8bfcd75884b0d,complete-original-current-local-forms-captured-primary,0.9985155716089421,2.03473920664822,34.257246069726506,3,landsd/206339:0;way/1366243046:0;landsd/206325:0,5170812,True,True,False
17,landsd/32024:0,Tseung Kwan O Plaza Tower 3A,ff85f5d0545279ae6cf83b0a56d3690ef50e3502611ab9778a4d667d7f066641/B450301891401063C0,b0bd7a632142cf800b8e44bbe6ecb333faa0cd03f6f16dd77097592b6f0d0a03,complete-original-current-local-forms-captured-primary,0.9922682217548578,1.0190335398753887,42.858310651581846,1,landsd/265489:0,5240934,False,True,False
18,landsd/322573:0,Opus Hong Kong,db1b3801caad853d94b3699495ec306d595de340c7615a61706145c926f64fcb/B359951448601063C0,e3c4ad4fff2acda8844233c83b6885dbbd73c1da9acb0a0efc7ec9778f57d764,complete-original-current-local-forms-captured-primary,0.994005058446829,2.04263163110647,42.91371034413675,2,landsd/248432:0;landsd/322577:0,5496965,False,False,False
19,landsd/97301:0,Tung Ping House,a04c53795d53db1d54dd224b5d4b2b9091855f5b8525f82753a981f88bc08438/B342731144601063C0,1401822634163c71c14b23c87791896c3e78d13d7362b112fc693eb19c94458d,complete-original-current-local-forms-captured-primary,0.992011177034947,2.6846854695527385,43.14220687909125,1,landsd/97300:0,,True,True,False
20,landsd/304725:0,B369711266401063C0,f701cf3de3abb89512cab1267e186bbbf2ec78e19053907f40dc6c6e32067f9f/B369711266401063C0,25f0d26b35cde1fc291b3b3e536b004c8b70dd4f2b12be66fb8e7157c996ab0d,complete-original-current-local-forms-captured-primary,0.992655712673996,8.057970701431085,43.731670329338385,1,landsd/304726:0,6074954,True,True,False
21,landsd/53799:0,Tung Cheong House,a04c53795d53db1d54dd224b5d4b2b9091855f5b8525f82753a981f88bc08438/B339111143901063C0,9bcebd56adced618cad3251df6bae41191b515aa6153986c85e1eed0b1585c49,complete-original-current-local-forms-captured-primary,0.9971014338163359,2.8811325759505975,48.017336346179825,1,landsd/223636:0,,True,True,False
22,landsd/122702:0,Yoho Town Block 3,cba1912c7d337d8d9734d95e031adbe5c4d0ca3e71d52f23a7913d93d48c9642/B219003357501063C0,0c2d1237e415884793e62fe74685a07ae936d877d535bf89ff5eb0273ff7398b,complete-original-current-local-forms-captured-primary,0.9864058914568056,1.8734410768862853,50.826377439852095,5,landsd/231756:0;landsd/60165:0;landsd/122706:0;landsd/122697:0;landsd/121188:0,5285233,True,True,False
23,landsd/58849:0,Yoho Town Block 1,d8dd631ac65de2790f694981e8402bafd0f0f33e1a65bbce74d03db17e307d4b/B219013365201063C0,2c261a8b29f642b322ac5fa516abbdf6d07be7ef92277a0388fa77ab09141f15,complete-original-current-local-forms-captured-primary,0.9726941952899962,2.89910093977175,56.04300941964024,5,landsd/231756:0;landsd/123365:0;landsd/65755:0;landsd/1073:0;landsd/4757:0,5285224,True,True,False
24,landsd/305582:0,The Hong Kong Polytechnic University Sports Centre,10bdc3efcab8645fd14246efcbf232ea182a02b7c29636a386e300239442708f/B365931850802063C0,ac9df2e1b9b66b9c120a8638881b5f44fb966f7463b8874c27b040b91d37df15,complete-original-current-local-forms-captured-primary,0.9565329789888188,8.388086342066824,56.242150515908556,4,landsd/305793:0;landsd/72322:0;landsd/258852:0;landsd/305600:0,,True,True,False
25,landsd/336430:0,Kowloon Park Administration Building,3756d39d62512c0ba56c0186cd6fcc7ec11f750605c3c924df1e7aa4f1591dd7/B355991810301063C0,ac4a25a43dc73f685d2281b71d165e1f0b5e912a0c2ae13bccf57ab741536a5f,complete-original-current-local-forms-captured-primary,0.9958297961376549,8.144635999357163,66.45779591014563,4,way/725945983:0;landsd/336429:0;landsd/211685:0;landsd/209775:0,,True,True,False
26,landsd/184286:0,Heya Aqua Tower 1,29d8e67bc139e44d08188938cc2eda2eeb5dc132772d370980aca9b6cd2a3bc1/B339682218601063C0,f9c73a61b679ebc18df1741c01c7e98463a4269928a38b882e3a41d268646155,complete-original-current-local-forms-captured-primary,0.9811059944213829,2.8908338517984005,68.4580735524718,1,landsd/184285:0,6060231,False,True,False
27,landsd/20270:0,Island Industrial Building,0069c72b88199caa8955f45dee25ca3abcece3924ce1d4ce2fa116055e861980/B348962051701063C0,e316585684d178e790090952fb45d79cf9086e94e1794c9f78bcd3cde3cfe392,complete-original-current-local-forms-captured-primary,0.9987997818424492,3.5801530867577673,70.81734690633445,2,landsd/159422:0;landsd/269430:0,260621,True,True,False
28,landsd/265301:0,RESERVED CARPARK,899320ec0688b8c98f8bf441b26898b69e49eaf64fa7b61c99493afc0d18a620/B426161532902063C0,c16079a7fcd2433e31a1c9ed4dbb3ec26950f30bc9ef9dc559a05ace575ec97c,complete-original-current-local-forms-captured-primary,0.9926940774134783,2.3275718746160066,81.24043870192342,6,landsd/44639:0;landsd/255729:0;landsd/92204:0;landsd/223918:0;landsd/90822:0;landsd/307501:0,,True,True,False
29,landsd/242198:0,The Sparkle,16a36c3f9437ad1adafcf944acbd09185ba890144c898034ea585f2643f46618/B337412155301063C0,5dcc709e25d0801ae3e2cef4a59c214babfa2adc4de42ce5fd956e649315c3f3,complete-original-current-local-forms-captured-primary,0.9928083325412836,1.999469505669255,91.31441681258411,1,landsd/228000:0,5391995,False,True,False
30,landsd/244686:0,B376732047302063C0,b1143e27364fe8dc5d0700435ac2cbfc374d4ec9c6e5b7da4edadef83f4ba5a4/B376732047302063C0,d7acf64587218e56f8b6bd2e63f0c30f6e5aa3fc0b3bd7345edda60808bb97d8,complete-original-current-local-forms-captured-primary,0.9997671914506495,4.3421333232194215,98.83929719746178,9,landsd/226294:0;landsd/255924:0;landsd/255923:0;landsd/255927:0;landsd/255928:0;landsd/256122:0;landsd/255926:0;landsd/13943:0;landsd/245838:0,5284343,True,True,False
31,landsd/236138:0,City University of Hong Kong Yeung Kin Man Academic Building,90d2e61ffda301bf71c68e16c9e85da3226c999f749cffade2aded7e6957bcd4/B358792191201063C1,e1207b6ddc0671202f527c206abef70f7b954390c3e0186a395b4427f1ff1888,complete-original-current-local-forms-captured-primary,0.9921827086168588,5.843516371465383,117.32010710112904,5,landsd/255294:0;landsd/253260:0;landsd/253461:0;landsd/246839:0;landsd/253465:0,1802973;1804313;1804367,True,True,False
32,landsd/309822:0,Hong Kong University of Science and Technology Staff Quarters Tower 5-7,309667100bd70bca9f43ad15793e8bad3781b525fd7bf200fd5d160c0992b7cc/B453782220901063C0,56fe512572733202ce049360e08fe0effc15919bec6e296ac667e06f867c957f,complete-original-current-local-forms-captured-primary,0.9931101077764815,1.7681315900837307,122.48495888507982,3,landsd/232155:0;landsd/29031:0;landsd/27083:0,1733498,True,True,False
33,landsd/238671:0,Parc Palais Block 2,e67076501f0a4d23144a95f2da680369853944becce4a474a9936db2b9f76783/B362741895801063C0,e5cb9cd513a1fb3882a9f21e07d7b1ba8a151a360d9c996fd2fb5349ca7253d4,complete-original-current-local-forms-captured-primary,0.9953288291675634,2.698900828980136,136.40002772433832,3,landsd/266063:0;landsd/238669:0;landsd/238856:0,5277873,True,True,False
34,landsd/14982:0,Leung King Plaza,8f84c78c84d40756e3a32261058a7b1d055e71bfc7cf0e0c8f64580cdda3ddc1/B142252969001063C0,da28b85d53d3d403d94c3c9055b16b70f1c00153fee3503aa8d7aac8868d1fe9,complete-original-current-local-forms-captured-primary,0.9954045041489498,4.1485878726029926,163.48300615011317,1,landsd/271908:0,,True,True,False
35,landsd/184287:0,Heya Aqua Tower 2,29d8e67bc139e44d08188938cc2eda2eeb5dc132772d370980aca9b6cd2a3bc1/B339412218501063C0,411ae56e4714fb6f8fcb9b8a8f2796e9d4b1970d5d72723d4579eef99975883a,complete-original-current-local-forms-captured-primary,0.9900523544180774,3.74974468363828,187.4684995659346,1,landsd/184285:0,6060232,True,False,False
36,landsd/305600:0,The Hong Kong Polytechnic University Lee Shau Kee Building,10bdc3efcab8645fd14246efcbf232ea182a02b7c29636a386e300239442708f/B366771855901063C0,bf063175904023d34a2668b86f4a9be42beac1efbfc280fd969179c7b333787d,complete-original-current-local-forms-captured-primary,0.9968117893796113,4.8134228854886425,196.12304810737444,3,landsd/305793:0;landsd/257998:0;landsd/305582:0,5314357,True,True,False
37,landsd/289067:0,Yoho Mall I,d8dd631ac65de2790f694981e8402bafd0f0f33e1a65bbce74d03db17e307d4b/B218653379702063C0,6d77b86d168811da753a742e3e18e432d29153c07616178ac89426dc7ccf434c,complete-original-current-local-forms-captured-primary,0.9986823754078173,7.953886006634784,214.4138486297903,5,landsd/68262:0;landsd/164663:0;landsd/294813:0;landsd/125706:0;landsd/294817:0,5458134,True,True,False
38,landsd/315414:0,Lamma Power Station Building,ba37beaf30dcb38c8c940e39c04145bbd9fa039fed5807190b0028eb9ed8458a/B290620881301063C0,1a75f4abd86e12327c69d8aea30abcc89e038c8b10c30c7b0977ed8993d2f0a8,complete-original-current-local-forms-captured-primary,0.9999486480002219,5.241083295181645,249.81358055932992,6,landsd/186856:0;landsd/197134:0;landsd/199519:0;landsd/79169:0;landsd/78638:0;landsd/76235:0,5193612;5218683;5220315,True,True,False
39,landsd/164125:0,Royal Terrace,a6920cf3f69444fb1d5b63b5880f208d2d9844fb58d0e730b0fd3710e2077c4b/B396661673301063C0,9c85df9cc12a8aa8352c35b83c63470caa1736276e3a042c03794f0cbebd6e6a,complete-original-current-local-forms-captured-primary,1.0000000000000007,8.277535075896587,385.71934487072156,1,landsd/234595:0,5194472,True,False,False
40,landsd/283036:0,The Pacifica Mall,be026e2c8b7e9eb731a78624347b43ddcb45cf4dd24077987047dde96b6680e3/B334732175502063C0,e96526dd6ed7eba3907827f63aaae687a0adf1820e46ca4fa75753e3ab90d177,complete-original-current-local-forms-captured-primary,0.9961034584218204,8.886618612637982,1562.2511860552063,5,landsd/265478:0;landsd/77278:0;landsd/283034:0;landsd/77826:0;landsd/75351:0,5302886,True,True,False
41,landsd/95643:0,Ching Cheung House,ac2adf553dae7dd2f67df2d6f4fa09c1304cdd34d6582762c985eeaa0d2a43b1/B307603950901063C0,a4ae53408977311d09e65e2fbc65bb9ba47b11a646480ac0b089725721698781,complete-original-current-local-forms-captured-primary,0.9999999999999996,10.190503417958425,0.0,0,,,True,True,False
42,landsd/240332:0,MONGKOK STADIUM,527b6a650115922ae971071770fb2672cfcb85a054a9c5048041eb701429cf50/B358362083101063C0,896138f962db178400870c74c41d5eae3a2ba99e0c978fad49790956c0a50bdd,complete-original-current-local-forms-captured-primary,0.9999999999999974,12.87187019982393,0.0,0,,,True,True,False
43,landsd/285475:0,Central Pier No.7,2e7d8aaeda14af2764d26ca039856fa390eba2a5891fd310f5fe1b9ad4b95517/B346531646401063C0,2a324ca849ae83a5f5c215a1d2f3c5d9f118812ebaa55308ebd9bd2f83e09e29,complete-original-current-local-forms-captured-primary,0.9972129802329076,13.460765651153222,0.0,0,,,True,True,False
44,landsd/91306:0,EVANGEL COLLEGE,23b3608a57a484928219eb6e5e99487091703acff513507d943058cac5bd42df/B450731835301063C0,73dfaaf90f9dc8433f757ff796f90a0d8e3d02e2d48eb515f3286fa3eddc964b,complete-original-current-local-forms-captured-primary,0.995932488230156,13.843780141173099,0.0,0,,,True,True,False
45,landsd/147589:0,Fu Yuet House,f25d004c1c2bbca17a0ddb5b1485a14a6ea5a3a9c65156553214fdec29bef523/B340472097901063C0,f386c88cfdd6f2dd5d1537aaba4ae1b15305014aaaf6d50feb3e7108a7ef38e9,complete-original-current-local-forms-captured-primary,0.992083138810766,14.133361545060461,0.0,0,,,True,True,False
46,landsd/263423:0,KAI TAK CRUISE TERMINAL,710e2c45f9fdb3138c5b6d9e736347e5ac73543dcfb6e02146ff3873fbbdd644/B399541863802063C0,44839b47ec51db17f72eca474516b1f7a960476f4426990e180c7f8dafe3e341,complete-original-current-local-forms-captured-primary,0.9989194012271387,15.249828368667288,0.0,0,,,True,True,False
47,landsd/17633:0,Ching Chung House,ac2adf553dae7dd2f67df2d6f4fa09c1304cdd34d6582762c985eeaa0d2a43b1/B312303936501063C0,149fffbaed551567d3cc17f4a464fa457721d5b15aab018f8db7b0db7930b5c6,complete-original-current-local-forms-captured-primary,0.9951970791786131,16.347460659454928,0.0,0,,,True,True,False
48,landsd/95691:0,King Cheung House,ac2adf553dae7dd2f67df2d6f4fa09c1304cdd34d6582762c985eeaa0d2a43b1/B308003946801063C0,daad7e84a632e97cd7af9c354dd3d6c122e2e1afc0afdc751f752a0f909cd119,complete-original-current-local-forms-captured-primary,1.0000000000000004,17.66518271467848,0.0,0,,,True,True,False
49,landsd/238803:0,B342782079901063C0,f25d004c1c2bbca17a0ddb5b1485a14a6ea5a3a9c65156553214fdec29bef523/B342782079901063C0,dc76347d4cb1a344c5637fbe304109093ddea76133aec6e139a283256e665f77,complete-original-current-local-forms-captured-primary,0.9989096488884894,18.892506458621686,0.0,0,,,True,True,False
50,landsd/51275:0,Fu Loy House,36a3861c4efb24c58ca4ecbb91c37a9c1a2402fe2a6bd463108d8a663422672e/B339112110701063C0,845f05c0b52aabf7766759484f814beb8f1703970aed406b34203f2a36d5c26f,complete-original-current-local-forms-captured-primary,0.9944726990088001,21.854798804391997,0.0,0,,,True,True,False
51,landsd/139132:0,Fook Yat House,29d8e67bc139e44d08188938cc2eda2eeb5dc132772d370980aca9b6cd2a3bc1/B338822187101063C0,2f87351265d718c0b5423820e08beb2cca3c82752742bd9fdceed2c9232eb3b7,complete-original-current-local-forms-captured-primary,0.9961023424455456,24.072494306402643,0.0,0,,,True,True,False
52,landsd/127037:0,Stonecutters Island Sewage Treatment Works Sedimentation Tanks,26eb39867b9fb402adf8a97f06f8bfb87935b25a7115f131fb759a768ce8c95f/B324952061001063C0,36af6c014ae69e699d5346b6700b8fe58944d3d16123f71f5bcbe5d0d7b60e43,complete-original-current-local-forms-captured-primary,0.9900163249016235,27.846598457666005,0.0,0,,,True,True,False
53,landsd/50662:0,Fu Wong House,36a3861c4efb24c58ca4ecbb91c37a9c1a2402fe2a6bd463108d8a663422672e/B339882111101063C0,b250fcb06ff94c8c234e888d0fe09a47cf1c0f57a11a4282faeae5083169f80a,complete-original-current-local-forms-captured-primary,0.999080838710485,28.799935955739862,0.0,0,,,True,True,False
54,landsd/61216:0,Murray House,8a8d98e32d0f9ece6cbcab806fbf167b6fc3f46cd51fce76aa933ceb4f8a7608/B396560883001063C0,b1b1d58399a067cfdc3b3bea06ef42be8e67527c3f98e65e955aba9120993f97,complete-original-current-local-forms-captured-primary,0.9999999999999991,28.879237087074937,0.0,0,,,True,True,False
55,landsd/81242:0,Olympic Station,adf1d085a79951ff976393a3672cda66812a6fd2482559fc4b7435331c50964b/B345551986601063C0,d2d1f09a8119649d7ffdfaacc0070a118bd32a16729d9b5ae4d72eea58990ded,complete-original-current-local-forms-captured-primary,0.9999769808155908,31.22968844956057,0.0,0,,,True,True,False
56,landsd/335494:0,,d5ad46b119a22a5d8780a43392efccd26c82e479c1e98af560fbb46cb49ba438/B344081637301063C0,79e43d3e3c6d5cdb5f2b45b6f7734cb0a94a970665d7610fc0efaf7eb3e9ca1b,complete-original-current-local-forms-captured-primary,0.9999999999999994,38.90186984442212,0.0,0,,,True,True,False
57,landsd/72354:0,Olympian City One,e6d0fad5e461bc9bb63e6a7cbfde43d9cdf80a4cb75fcef23f5721415d7e580b/B344151985202063C0,38fd11ec0a1af842baa4cc274c4141bbc2c816468a44b8376c59d8fd2fc2f2b9,complete-original-current-local-forms-captured-primary,0.9976778716884593,14.132055631597575,1.5625814917010636e-05,1,landsd/256927:0,,True,True,False
58,landsd/232896:0,B379251464702063C0,572a77b50798fbdfa23007160b8d5c5c7d9cac480effd4159f7b0e9f09633f77/B379251464702063C0,efaa0af95c3d327ebe9b28471532806b04712a22c6453aebf682d75ff268ba9f,complete-original-current-local-forms-captured-primary,0.9927972425586199,10.041357975364944,0.007647457172281723,4,landsd/254044:0;landsd/254257:0;landsd/253826:0;landsd/253825:0,484353,True,True,False
59,landsd/227948:0,B378431872402063C0,3815e3010106c83b90954b50875a8afdcb0d7b77e28f348b2a1c404a93f3f938/B378431872402063C0,536cd3f65a2d17ef9729937e4d7b9378f51ae51e8c43664ab3f22c189e548c89,complete-original-current-local-forms-captured-primary,0.9971076852084135,11.547874302150571,0.01428634274419308,6,landsd/237573:0;landsd/83229:0;landsd/236364:0;landsd/236578:0;landsd/236579:0;landsd/236365:0,1252334,True,True,False
60,landsd/323185:0,Plaza Hollywood,156017f51f3703f2162a93022ccb49dc2bd0b9e321b86c30ff2d7af2e9bc93c5/B388342241501063C0,62159e4ff553517f922ca2652471c9e50103bccdf907e7ea32602b6224103b12,complete-original-current-local-forms-captured-primary,0.9991553881021009,17.285139126879635,0.15108540644097707,1,landsd/228619:0,1194000,True,True,False
61,landsd/323546:0,B361601749602063C0,50fc7bc071df80beda9ae82ed346a2cc010eeddd1eb42b345f0c983e347c5451/B361601749602063C0,f0805e04e4bee49024520e79055c05991bffe6fdf268ffad5b1a8ce1bc199f03,complete-original-current-local-forms-captured-primary,0.9917477581921402,14.658628470071092,0.20976429216098372,2,landsd/210742:0;landsd/210501:0,,True,True,False
62,landsd/311317:0,Queen Elizabeth Hospital Ambulatory Care Centre Extension,e67076501f0a4d23144a95f2da680369853944becce4a474a9936db2b9f76783/B361581883001063C0,6feeea5687b060e9b39d17be3d6336c0668e92c23a15955602ec7256be4268a1,complete-original-current-local-forms-captured-primary,0.9999982016520107,16.992726156223974,0.279130813841137,1,landsd/161194:0,,True,True,False
63,landsd/75642:0,,6160458c874a208737f7269674f1c5c68bba0ae453f1aa21d7aa0b689cb2f3ff/B227131868001062G0,49cdebceca290d6ceccf3e1891546efbafa28218ae144da7c389190773c302c0,complete-original-current-local-forms-captured-primary,1.0000000000000002,73.39560122555547,0.5558341282573294,1,way/334029318:0,,True,True,False
64,landsd/289787:0,Mount Sterling Mall,dbffdf33c7302e7d9a2a7040d2cd34ca59a354043e351acb04037d3d94b46dd3/B323332207602063C0,04bb5a8766240087eb95d190672d0ccf4464b30be67bde02584af8dd8adc959c,complete-original-current-local-forms-captured-primary,0.9870568677096044,17.371559556188934,0.5673342013410178,4,landsd/111045:0;landsd/272554:0;landsd/163899:0;landsd/103465:0,5486399,True,True,False
65,landsd/63443:0,Austin Station,9d831261575c14cefa55303c176b7d4f21585b35a2bcd2d32a794e801de14e4c/B352431829002063C0,13ba1592f8dd20cac8db26fd80cd190d5a92cee853bfd6943d822818cbcb069e,complete-original-current-local-forms-captured-primary,0.9975651179685963,59.514262752889394,0.6355468060981627,3,landsd/63450:0;landsd/63448:0;landsd/63455:0,,True,True,False
66,landsd/235034:0,THE WESTWOOD,8ab1309e5fc7088ed0425836e4dc28e220aa45b4ff387df1f8ec90c69ff5f3c4/B317791624002063C0,f16b57fb7f9d29c968315dbfb614ca49715c783b197cc04b2ede31c26f82cef0,complete-original-current-local-forms-captured-primary,0.9870555136425005,24.20240186502454,0.6554717106144339,5,landsd/126063:0;landsd/98197:0;landsd/255423:0;landsd/256187:0;landsd/243033:0,498801,True,True,False
67,landsd/337816:0,Cha Kwo Ling Promenade Landscaped Deck,1deddfb69ef932ed9a47790be6930ca24a98f9473e20adcb673b0566c6917d14/B411001850202063C0,08a3330b8fb7d5b22c4c21804263f6b7df2e1b7ddb649fe30045b258d2c2be48,complete-original-current-local-forms-captured-primary,0.9996687275461454,13.983999855899986,0.7710891543229668,1,landsd/337817:0,,True,True,False
68,landsd/99482:0,Lookout Tower,d5d8b82c9d967e076dc7c0a8dbb5d7c371675acccc36fb8daa53c0f57fd30045/B365943453301063C0,1ec68112caa3e93f200c6a07851e7e9d85f4fa8a25e9b9271877e7098e99e030,complete-original-current-local-forms-captured-primary,0.9725927206150856,58.18676805058172,1.6216305393574493,1,landsd/322621:0,,True,True,False
69,landsd/281463:0,LAI CHI KOK PARK SPORTS CENTRE,93b038da85367d685bc8e5084b8d7defb0598ef908d84591cda97e951a02c629/B321562211902063C0,1480540e0a32849425d5238eeea7ecb3a7124633226c1eae9cab2d041b968d86,complete-original-current-local-forms-captured-primary,0.991499242433838,13.678281542714078,3.302696355588834,7,landsd/206326:0;landsd/218874:0;landsd/192968:0;landsd/206341:0;landsd/206337:0;landsd/207349:0;landsd/49200:0,,True,True,False
70,landsd/235568:0,B353811902602063C0,133a1dde7a99959f5392519730a39023f77ef421830d53413b621cdd1d645a92/B353811902602063C0,ef354fbb79cbbf576a0e146cf019f2a1ae73c75b031dde2ece59dcdee8f78ac2,complete-original-current-local-forms-captured-primary,0.9827812246034866,13.725349895804978,5.71889369527732,5,landsd/235119:0;landsd/235888:0;landsd/237129:0;landsd/236076:0;landsd/234691:0,406371;406486,True,True,False
71,landsd/244683:0,B338822106702063C0,36a3861c4efb24c58ca4ecbb91c37a9c1a2402fe2a6bd463108d8a663422672e/B338822106702063C0,5716298309776020bd7fb92cdc609dada531dbc0b45e326b15ad2c08e5f599ff,complete-original-current-local-forms-captured-primary,0.9997194317481997,18.907653436924484,5.8113128545511,3,landsd/233291:0;landsd/146595:0;landsd/108916:0,,True,True,False
72,landsd/82291:0,B375921921402063C0,65920a76dafcc40f6d38abf622cd2e18395cc03557d62e97b2a90ad6e021c3a8/B375921921402063C0,9fd4f8d93c1b660b103cde3dae66920224e9b7234e4e8148531f172c28b7fb10,complete-original-current-local-forms-captured-primary,0.9997650837819384,11.60342681931697,8.717260617885296,2,landsd/82292:0;landsd/82290:0,,True,True,False
73,landsd/93424:0,The Grand Aquarium,f9d5a4b34936a79bb2b667fd7190f3d4a6f79c3fbd0e0a848afaaf6679b34422/B360321188401063C0,359aa68b0df2051cc81cc5a8c79189b08715d07e6163307231d20127be1d6b30,complete-original-current-local-forms-captured-primary,0.997631443559197,15.888978520691875,11.226725745824353,1,landsd/295518:0,5472659,True,True,False
74,landsd/173512:0,Youth Square,a66d884e06a8e258134b67a703a4fafd7c79114d160392b639a6c15e78643cc0/B424281381401063C0,a3905a76856bc0c622d7f09139995fd2429d294771b68e2385317056987fcea1,complete-original-current-local-forms-captured-primary,0.9997584995057657,13.308169973726281,11.392121249111536,1,landsd/139415:0,,True,True,False
75,landsd/233901:0,,f6dd237c3db9ea044e3c67ac9eea0c56f27b3b8a41181e6422c15a608ccdd85a/B367981548502063C0,b99bab8c423a1697c4adeed4225140c03992e46553a7507066a3da5dd426ad47,complete-original-current-local-forms-captured-primary,0.999873821214686,26.671394383058065,12.713580156522472,4,landsd/180904:0;landsd/85525:0;landsd/254824:0;landsd/266146:0,525670,True,True,False
76,landsd/275446:0,,b640b635e280d14f057983d82c97cc463ba0337241068b2f9844b30a0bf894e1/B384612039102062G1,8277969df373528689a5bf630bbd60c9b71d547e5951fc3a6eb3aa444c0b6880,complete-original-current-local-forms-captured-primary,0.9812441851616411,11.514302537656958,14.082368177151656,4,landsd/318724:0;landsd/284994:0;landsd/318722:0;landsd/318704:0,,True,True,False
77,landsd/14395:0,B295312549302063C0,bd4c7e039557ef7ec1605008cd091396a22c06c2254eab72b1abc4daf9306605/B295312549302063C0,d31b4955e072e0390a2ae4df9865b739387696a8bdb85a3c5050434c042d9abc,complete-original-current-local-forms-captured-primary,0.9997846345405383,11.60472199904786,14.662955207649915,2,landsd/272407:0;landsd/268883:0,6076384,True,True,False
78,landsd/268867:0,Nam Cheong Place,f25d004c1c2bbca17a0ddb5b1485a14a6ea5a3a9c65156553214fdec29bef523/B340212092102063C0,ad26b1580c54a6700733a28643862ea7939f84c0254de9a2371f5aec91cae12d,complete-original-current-local-forms-captured-primary,0.9989818704210752,48.418315423389906,16.422832807608458,3,landsd/233291:0;landsd/262871:0;landsd/270874:0,,True,True,False
79,landsd/181489:0,Fu Ying House,36a3861c4efb24c58ca4ecbb91c37a9c1a2402fe2a6bd463108d8a663422672e/B340052101101063C0,bffdf5653f4dd01917b4028e0cd2f0559fcdb3ce960a4d7cabd5a0392b9ae163,complete-original-current-local-forms-captured-primary,0.9874832491192294,36.100105911893586,17.270630037449042,1,landsd/233291:0,,True,True,False
80,landsd/182397:0,West Kowloon Government Offices North Tower,e0b18b14edfb22334913f06de8bc312f8936a32cfd0ad5222c51a6f4d73bde1d/B348411932301063C0,f16aa7f57a9b89962a6e1f3183e4dea922c7dbcb173515e608deae1ddc4b48b1,complete-original-current-local-forms-captured-primary,0.9999643914331475,40.31718534396874,23.19141043226331,2,landsd/272986:0;landsd/309340:0,,True,True,False
81,landsd/189427:0,Yoho Mall I,d8dd631ac65de2790f694981e8402bafd0f0f33e1a65bbce74d03db17e307d4b/B219423400602063C0,371ab03231021e27ccc89d2cca415c581a4ec1478e878b0b36b4e83c9fa930b2,complete-original-current-local-forms-captured-primary,0.999465558817431,12.7000895360859,24.014758819351538,4,way/949541091:0;landsd/294857:0;landsd/170799:0;landsd/294855:0,6064186,True,True,False
82,landsd/43101:0,,6f9e5d5479b80f639138cc4dd324c6a4a7975532966527931722699f2779c4ae/B456572683001063C0,52ff46b2a9d19be07e2f885e3bd97f9362338b75a4e6d14b2539266b0ebb570f,complete-original-current-local-forms-captured-primary,0.9897396867097598,34.137632627072556,24.184901578968176,2,landsd/316522:0;landsd/316521:0,,True,True,False
83,landsd/109491:0,2 & 3 Garden Terrace Block 2,f67e309cdf046ad0a28d67d801fe1e7de8c1e8e74ba38a92bef274cecd39f76c/B339491523001063C0,d6f60c07b429bd89b7c45b09f3a3077960ecbd96898c833684a564d1a4fb9f2e,complete-original-current-local-forms-captured-primary,0.9861100427482781,18.45233131287139,25.534845535676805,2,landsd/162285:0;landsd/21894:0,654704,True,True,False
84,landsd/81743:0,Ocean Walk,665f1d61f579cdada99bb14b3bd9c8d0d189f0996c9c09d6ecb6453e7049351d/B146372594202063C0,52e0d6b6341f664cc18ee8a894e1c4c5e5dbc1b05729bb43deb8c109e0fac8cb,complete-original-current-local-forms-captured-primary,0.9985842847423304,10.649240561999159,29.789415858065546,3,landsd/83161:0;landsd/32653:0;landsd/308292:0,1619766,True,True,False
85,landsd/296699:0,HONG KONG - MACAU FERRY TERMINAL,a7b6d2c77b8fc599c9f9deb72afdcd63a6187e7f78af97ab3c3de971c6cc9ca4/B336951676801063C0,2b8df5f8d1d6b2e5a00b52fc0a46cdae910e0d460d09c7543e5cd1f334702dc4,complete-original-current-local-forms-captured-primary,0.9988896300973398,21.05304067638034,30.6347310000001,1,landsd/97556:0,,True,True,False
86,landsd/165889:0,MIU FAT BUDDHIST MONASTERY COMPLEX BLOCK,33585895f74cea37b7c490c3e55e3124b158ce3abb95fdc724954f992fc33089/B164163115502063C0,5c2a3560515f4ad2f80e6f2d5b634988ae4d655a9268c137bd55c5952e00b862,complete-original-current-local-forms-captured-primary,0.9972166492639268,26.85194442316743,40.008338628910636,2,landsd/197385:0;landsd/233638:0,,True,True,False
87,landsd/75643:0,,6160458c874a208737f7269674f1c5c68bba0ae453f1aa21d7aa0b689cb2f3ff/B227511866801062G0,4c8e577256875f9ecc67fe5728e262113d852748ac743798b804f9b090f0dbc2,complete-original-current-local-forms-captured-primary,1.0,55.43369088161107,46.3149999999975,1,way/334029318:0,,True,True,False
88,landsd/290803:0,,479cde8e147da421b2aca25e39284d61039fafcd2db34b08281eaf5ea0e4182d/B155912804902062G0,c9c4673def7644ac954aa4cb4f0018bd4106ddc22d29f7e56f91db96af7fab2c,complete-original-current-local-forms-captured-primary,0.9951892446291788,16.436128769722032,71.39622843839324,4,landsd/290799:0;landsd/246548:0;landsd/290801:0;landsd/195434:0,,True,True,False
89,landsd/296793:0,Sham Shui Po Leisure And Cultural Building,16a36c3f9437ad1adafcf944acbd09185ba890144c898034ea585f2643f46618/B334072127001063C0,b822626a9d099304c46f7116ff30645ff0288ede19d3fb8af6b6608b7a05df05,complete-original-current-local-forms-captured-primary,0.9993607944591012,44.227165641471146,74.61135585683468,3,landsd/313031:0;landsd/313122:0;landsd/313123:0,,True,True,False
90,landsd/227593:0,VICTORIA MALL,3756d39d62512c0ba56c0186cd6fcc7ec11f750605c3c924df1e7aa4f1591dd7/B354081820402063C0,4eeeb698a238233de5db23cf53f8f05099e2fc56e7c3324cd7f8bd8bfd64dc3d,complete-original-current-local-forms-captured-primary,0.9860081030923361,10.615443611826686,93.33878002797445,1,landsd/251615:0,5171945,True,True,False
91,landsd/337553:0,Northwest Concourse,9f61f5ef51dede8360f12b98f6035f1919e90d60f1b5360c85c4feb403e4f26d/B105281936801063C0,8a58f1b0934b86ecaf16f5cf1675c39c09bb83665f3bfab14e367c689bd83c84,complete-original-current-local-forms-captured-primary,0.9999529303514111,77.52989110198347,122.64913384464388,2,landsd/337014:0;landsd/337552:0,,True,True,False
92,landsd/255940:0,OLYMPIAN CITY 1,e6d0fad5e461bc9bb63e6a7cbfde43d9cdf80a4cb75fcef23f5721415d7e580b/B343231996701063C0,76f4576db964fb4d51b44e144d25085306a13678630ed10ec416eec2a860fca9,complete-original-current-local-forms-captured-primary,0.9953394264031623,10.837238404244564,131.03505517840088,2,landsd/253891:0;landsd/256925:0,,True,True,False
93,landsd/258419:0,GREENFIELD SHOPPING ARCADE,e6d16fc5312234ce028bdee81cba94bb2ff6e915636d4ba9e1936827b07ab3ac/B291912365902062G0,dc177610c1c054b055177529ab93154f562c46c233285ff406a106b8e1263ccb,complete-original-current-local-forms-captured-primary,0.9917954121034909,10.920388161677751,148.7150489746511,10,landsd/217024:0;landsd/74814:0;landsd/75206:0;landsd/74484:0;landsd/74283:0;landsd/75605:0;landsd/75421:0;landsd/75422:0;landsd/74656:0;landsd/75256:0,1331079;1333392;1335106,True,True,False
94,landsd/311761:0,La Marina Tower 2A,e6c0a5fef2f4ceb2865447c77c8fb9df1b66c10e282856a72635341ebdc42a60/B352941190501063C0,4aec5e6b191d02c5def4db7510c5e4756a53ab7e38d891e3a378b1a283c4d7bd,complete-original-current-local-forms-captured-primary,0.9938984600384376,10.621684335758905,168.7918007920013,2,landsd/315025:0;landsd/311762:0,,True,True,False
95,landsd/319571:0,Harbour One,8ab1309e5fc7088ed0425836e4dc28e220aa45b4ff387df1f8ec90c69ff5f3c4/B317491647401063C0,c6a1be96a01cddb4b4b14bff7f9acf6730b67c2964e9d8964562fb4f5df97113,complete-original-current-local-forms-captured-primary,0.9995018634983491,10.223677203518253,169.64860212471115,2,landsd/269828:0;landsd/232185:0,5498192,True,True,False
96,landsd/205767:0,Ocean Terminal,9a7ababfddba566c364e3af1419d32c9db3e24ceadd9660ca77c4533d668ef88/B353581737001063C0,2fbf7665466f9cd015b00d263913002e3de6dc268d9c590f9815853d182eea89,complete-original-current-local-forms-captured-primary,0.9983943790579245,21.761051588075173,172.66975696956683,3,landsd/215934:0;landsd/231469:0;landsd/234188:0,5110065,True,True,False
97,landsd/265269:0,,31fcc077b9397c5fefc49b1045cbc16e9dbf4c66ca442777da6d1945fbff7bb3/B109882541501063C0,0adf753f5832d3598fd1d99c3700b704e33de74aa97c4d4f868ba68c6cb445da,complete-original-current-local-forms-captured-primary,0.9998674973609374,24.76346953948913,174.36520976186534,2,landsd/265270:0;landsd/263686:0,,True,True,False
98,landsd/215934:0,Marco Polo Hongkong Hotel,f2c3e43b5d165d3e8d01162d66e65543cd6452c00a5c033b221386ab7de6d96b/B354441736701063C0,2bafbc4db86031469ade9828d8f7701f9c8caa0d4d0975f522650d4b34c6166f,complete-original-current-local-forms-captured-primary,0.9980984436592392,19.964620434243365,174.52426455776884,3,landsd/264744:0;landsd/231469:0;landsd/211943:0,134221,True,True,False
99,landsd/330243:0,Southland Tower 1A,e6c0a5fef2f4ceb2865447c77c8fb9df1b66c10e282856a72635341ebdc42a60/B353511186901063C0,a95dc43bb2fb9cfac420d5774ece9fad9b5cd513837bf479c06c517c5289b800,complete-original-current-local-forms-captured-primary,0.9982701637991583,12.100059688011006,179.34432775754794,2,landsd/315025:0;landsd/330244:0,6089635,True,True,False
100,landsd/337552:0,Southwest Concourse,8adeb8151364e8c6113c6532f476ed7842c9a5ab381a003faddb051b2b7cd97e/B105461930801063C0,6d067048d6903ff9ff3efb32cf9922329b0fa5dae75604253bf6be21b28c4728,complete-original-current-local-forms-captured-primary,0.9999999894782566,91.84194810595574,179.5942729158626,2,landsd/337014:0;landsd/337553:0,,True,True,False
101,landsd/56771:0,Yoho Town Block 6,cba1912c7d337d8d9734d95e031adbe5c4d0ca3e71d52f23a7913d93d48c9642/B218993350001063C0,f96ce65998446a8de280c071a9e367bfbe58bbc17969857c4fa7dd4acae19a45,complete-original-current-local-forms-captured-primary,0.9653293949316989,21.26601560264123,200.8816982164084,5,landsd/231756:0;landsd/129773:0;landsd/60281:0;landsd/114474:0;landsd/132761:0,5285236,True,True,False
102,landsd/301636:0,,6d30395548fdd21d76634c29d7425849d8c717b7ef374c2c3599d57aebf28366/B216933408902063C0,88497660f40256fa62868e1e80fff1cbebeff358c7f3cd9df1d5604f3370b0f8,complete-original-current-local-forms-captured-primary,0.9979901748738429,32.29259620829263,201.8618123781287,2,landsd/301659:0;landsd/300868:0,,True,True,False
103,landsd/60281:0,Yoho Town Block 5,cba1912c7d337d8d9734d95e031adbe5c4d0ca3e71d52f23a7913d93d48c9642/B219013353601063C0,5af938ed04770f6b4826c796d88d9e259e82e0f1a9152cbfe0e6063790478542,complete-original-current-local-forms-captured-primary,0.9948669616565563,20.113100460123682,202.10796812832908,6,landsd/231756:0;landsd/60165:0;landsd/129773:0;landsd/122702:0;landsd/40944:0;landsd/308602:0,5285234,True,True,False
104,landsd/61738:0,Yoho Town Block 2,d8dd631ac65de2790f694981e8402bafd0f0f33e1a65bbce74d03db17e307d4b/B218993361301063C0,40cf48f2e506dc4aba5b8a28816b99078ae7f7d1b91252c9bae75c03a3ab0928,complete-original-current-local-forms-captured-primary,0.9779790654838384,20.29366478031876,213.522784965813,5,landsd/231756:0;landsd/123365:0;landsd/123849:0;landsd/58849:0;landsd/41699:0,5285227,True,True,False
105,landsd/292155:0,B351151087302063C0,53d426a583abb4d9b66d729d2b474b4e3c812baffba09dd059bf960f34da5a39/B351151087302063C0,90fbb1a801c4f8beaaff4f50917d1cf4354329f483fe0e20b54565531623e1eb,complete-original-current-local-forms-captured-primary,0.9960936474823414,12.753295840888535,226.1659292425976,3,landsd/292031:0;way/1323788402:0;landsd/292030:0,,True,True,False
106,landsd/263644:0,The High Court,fffe6c96fa7f17e47ef5ab406f58360dd3a17a852e99a4e18fff3132a29cfd7f/B348861552501063C0,62285a058cf89dba5808eebd7a21c8236b61b28d1e7bf971138bc7103ed99e67,complete-original-current-local-forms-captured-primary,0.9955020124102567,12.279289368441695,229.56962325611167,3,landsd/90809:0;landsd/93448:0;landsd/181146:0,,True,True,False
107,landsd/226296:0,WEST KOWLOON DISCIPLINED SERVICES QUARTERS,f25d004c1c2bbca17a0ddb5b1485a14a6ea5a3a9c65156553214fdec29bef523/B344812051802063C0,3f1d68c68a5872dcbf8ce9bf77d6587a3afb24fbcb03be4bd534be2c8b1596b4,complete-original-current-local-forms-captured-primary,0.9984663949748878,13.50871084191069,234.66238296588068,6,landsd/208263:0;landsd/208279:0;landsd/208261:0;landsd/225173:0;landsd/336658:0;landsd/336656:0,,True,True,False
108,landsd/165054:0,HONG KONG HERITAGE MUSEUM,aaf93675f4a7641051dfa64cb636c75ec7de43f13d5fbebd3218a9673400c02e/B371252646701063C0,1a978cdc751afa70933802e2faf090b2435250967e63b68f348ed232aeb1837f,complete-original-current-local-forms-captured-primary,0.9999992998563901,13.043940696064263,250.4581242129186,2,landsd/104467:0;landsd/57455:0,,True,True,False
109,landsd/4759:0,Hong Kong Museum of History,10bdc3efcab8645fd14246efcbf232ea182a02b7c29636a386e300239442708f/B363231808901063C0,77020ca33988edda329fdfb04ef9e03ef68f7d8b2aab63cd59c9e8c3c1451d8c,complete-original-current-local-forms-captured-primary,0.9992783799433773,10.192606958806493,252.5707440400771,3,landsd/4760:0;landsd/211447:0;landsd/80343:0,,True,True,False
110,landsd/177765:0,B110771698901062G0,880acca51bf28fe6db40811ca8c8cfd6c6e5133cd6408dd0e337cf55bfecf43f/B110771698901062G0,5bb87aa10f46acd79787b43ed653e32d951eace276a50e0a0f7f16ec391fab4c,complete-original-current-local-forms-captured-primary,0.9947413334145677,18.874162348721125,262.04830282295165,1,landsd/176472:0,5325135,True,True,False
111,landsd/232561:0,HONG KONG - MACAU FERRY TERMINAL,a7b6d2c77b8fc599c9f9deb72afdcd63a6187e7f78af97ab3c3de971c6cc9ca4/B337181666002063C0,0cd7feb24cdbe5d9f44ca236c458916a6f004eac2f270e6d6179428da9f21a17,complete-original-current-local-forms-captured-primary,0.9998545323763164,57.503327236001574,294.83308540342705,4,landsd/99807:0;landsd/99850:0;landsd/296699:0;landsd/99822:0,,True,True,False
112,landsd/111357:0,BUILDING 12W,5eece33b36af2cb9201ea69589899b949dbbf0a71c9e5f43e89f094e8e3f0f30/B396403197801063C0,65e79f5fb16c035dfc0531fc68af6f119a086306e347c2439c2fb8205b456aa5,complete-original-current-local-forms-captured-primary,0.9995047741500092,24.536340637354872,334.5559190070236,3,landsd/17217:0;landsd/111418:0;landsd/111419:0,5885848,True,True,False
113,landsd/244581:0,International Christian Quality Music Secondary and Primary School,7048083a7e216dd988938e893c31d0529e58bc91a8df84c99c866b25818df810/B392132290401063C0,26427158252a7943232c9c281d20dbbf24326c9aba26be028da4cb19d75e5393,complete-original-current-local-forms-captured-primary,0.9962350222741319,14.353699599037828,369.3831467462393,2,landsd/244789:0;landsd/231606:0,5293635,True,True,False
114,landsd/107382:0,Long Ping Station,6a1a4836a59bdcd6db6cba1bb05d3b2e4f424e395d9af9cec0b0a1cf07e62375/B207143425301063C0,f462a97834afe39e5f66932c562eaa1daa4fa9f6958d5879663d1878b4251add,complete-original-current-local-forms-captured-primary,0.999793199698917,29.680292597924943,372.1942691119021,1,way/227090446:0,,True,True,False
115,landsd/258411:0,PLAZA ASCOT,cfd1fceb4646dab0f65a4df941cb2d53cbaca8ee35b45b879cfc8cb56b284753/B389132909502063C0,72235dc188564c6d97cab27b928b414d4f4a4c817416e1aac90e73026365067b,complete-original-current-local-forms-captured-primary,0.9969002866639716,17.223493163491504,375.7509381660773,3,landsd/228446:0;landsd/336368:0;landsd/127447:0,1229048;1230606,True,True,False
116,landsd/113010:0,B332981480202063C0,bd0a80f0732fd91b68080ea251bb144c7f23cb6392521946b9beb3d1a30e88dc/B332981480202063C0,48445a5cbe27f05dbc30439d339952c09d94dd4ea96497009f65878760013cb8,complete-original-current-local-forms-captured-primary,0.998062622491193,14.351834081159394,378.51560658303663,4,landsd/233280:0;landsd/144614:0;landsd/264438:0;landsd/264425:0,,True,True,False
117,landsd/213579:0,POK OI HOSPITAL,d8dd631ac65de2790f694981e8402bafd0f0f33e1a65bbce74d03db17e307d4b/B223703400701063C0,bb031a70c651cbee10f12cbc0f9d5608dbdb90f5fb976bd4e3ad19caf7556522,complete-original-current-local-forms-captured-primary,0.9969480942870066,14.36001193003912,422.88356031570044,2,landsd/71329:0;landsd/57855:0,5323632,True,True,False
118,landsd/151402:0,Fu Shin Sports Centre,9f92e154a8384fb885f556b085697073b92e3e9f30a49df5d98247e6f00e6bc1/B359843493601063C0,a1d25e4eae9745800f9ac4dcd2028e8374c16f1d8deaebcc76c8b888b83f0951,complete-original-current-local-forms-captured-primary,0.989710864839665,22.631539802031924,454.8142300882165,7,landsd/160585:0;landsd/248777:0;way/610215137:0;landsd/162050:0;landsd/229999:0;landsd/151675:0;landsd/153294:0,,True,True,False
119,landsd/254629:0,The Orchards Tower 2,c26c79e53c4625d7c3e4e0f7ba184edc38f03136d52e2bc74382d1f1a3d4d97b/B401241601501063C0,132aa978b271794e7cdde00a3a431e0585fc334af822e102b218335f52ff4b98,complete-original-current-local-forms-captured-primary,0.9977667775097411,31.437360540032206,465.37128819983985,3,landsd/233002:0;landsd/254833:0;landsd/254621:0,5255008,True,True,False
120,landsd/203730:0,The Waterfront Tower VI,9d831261575c14cefa55303c176b7d4f21585b35a2bcd2d32a794e801de14e4c/B348761848101063C0,ef6b1eef5ee27f3c9f027d48436cc31722c8c41b4179e68f90f0d9542e03232e,complete-original-current-local-forms-captured-primary,0.9961433134249768,12.980869698822804,539.357089837069,1,landsd/273061:0,2091241,True,True,False
121,landsd/204146:0,Skytower,9d831261575c14cefa55303c176b7d4f21585b35a2bcd2d32a794e801de14e4c/B348041823801063C0,c68e73329b0aa5a6fa5dd00e303f772eafb24b0c6d9bfbf89f28e7e34d806f44,complete-original-current-local-forms-captured-primary,0.9888920952477491,10.451289169690796,541.642813194196,1,landsd/273061:0,5315489,True,True,False
122,landsd/204155:0,The Harbourside Tower 3,9d831261575c14cefa55303c176b7d4f21585b35a2bcd2d32a794e801de14e4c/B346591824001063C0,e570e7aca0143d5fff19bf8612c66ede15f3f4a2ed0ee4a95b39a7db38ad2a80,complete-original-current-local-forms-captured-primary,0.9985279442806225,32.04528480201972,569.764451102313,2,landsd/273061:0;landsd/204154:0,5255406,True,True,False
123,landsd/21662:0,B323912225002063C0,83f4d45d63b0c62fe4dda75c27a02c8506d2d42b0a240cfd36c30806ef0b64e0/B323912225002063C0,f4443f1120704d1093bd8247622a89cc0396c1b026d6556426e44155c4808508,complete-original-current-local-forms-captured-primary,0.9837690497672689,12.374067252071326,648.4616649740041,11,landsd/199915:0;landsd/195313:0;landsd/197161:0;landsd/195769:0;landsd/196756:0;landsd/272625:0;landsd/74324:0;landsd/107274:0;landsd/193077:0;landsd/199988:0;landsd/74326:0,580690;586687,True,True,False
124,landsd/285139:0,The Arcade Cyberport,110666ee5593b95404c5e20fc60d87ca9e31f176f4fab744d59403a8a6cfadd1/B314151355701063C0,22e2cb57b6ac4107cb83738e8f6e07087c6f7cc8d5eea7994df19ade8c5a65e6,complete-original-current-local-forms-captured-primary,0.9994483609979792,38.74726121282835,684.3056589232623,2,landsd/285137:0;landsd/320304:0,5240699,True,True,False
125,landsd/231013:0,SHA TIN TOWN HALL,3c9cd843a15aadcfe73d905c78bee46c93bd6c31458f8fe5d11ea9cdefd34d64/B375562685502063C0,0f75a6add4da243fb0a09faef72d441c22fb79fd3cc43dc342549930826a8147,complete-original-current-local-forms-captured-primary,0.9722131240843377,37.255378911772794,701.7402151762541,4,landsd/92340:0;landsd/23220:0;landsd/23759:0;landsd/23761:0,,True,True,False
126,landsd/167911:0,The Peak Galleria (Bus Terminus under),bd0a80f0732fd91b68080ea251bb144c7f23cb6392521946b9beb3d1a30e88dc/B334771463301063C0,774fa3bd7fd59ac1a67ee0d35d683a69ec81d455a6e1f89304652bf05c357b41,complete-original-current-local-forms-captured-primary,0.9975723982800933,42.31511138992946,706.7599973522904,8,landsd/234168:0;landsd/235263:0;landsd/266459:0;landsd/69406:0;landsd/264194:0;landsd/210680:0;landsd/307570:0;landsd/269002:0,365617,True,True,False
127,landsd/216203:0,Aqua Marine Block 1,16a36c3f9437ad1adafcf944acbd09185ba890144c898034ea585f2643f46618/B334092153701063C0,090b8f87f6396be1b5810fba0a91856a197e5497f630e1fe2acc1cee95d7daa2,complete-original-current-local-forms-captured-primary,0.9996207416448687,24.957563058351205,717.3225519438457,1,landsd/193086:0,5274992,True,True,False
128,landsd/79772:0,Liberte Block 8,be026e2c8b7e9eb731a78624347b43ddcb45cf4dd24077987047dde96b6680e3/B333392178701063C0,1a66a4f49693485ff7051ed98cdbec8659cc1ba7a9cda41a5932e0bfb2d15146,complete-original-current-local-forms-captured-primary,0.9999999999999927,18.386568687926907,774.8629741501815,1,landsd/283034:0,5256585,True,True,False
129,landsd/210032:0,Star Ferry Pier,f2c3e43b5d165d3e8d01162d66e65543cd6452c00a5c033b221386ab7de6d96b/B354191720501063C0,a8635ec84493ea64fa8b803bc5ea6e90f1dcd46979674e9d6d24445067491de7,complete-original-current-local-forms-captured-primary,0.9999994740847868,80.13420281459277,813.6229592162114,4,landsd/241277:0;landsd/208469:0;landsd/212162:0;landsd/210033:0,,True,True,False
130,landsd/56054:0,Sheung Shui Slaughter House,527d4bc28b1c8bf706b6e29a9f72a121cda432f49ef76a5854cd9237e9932ca1/B301584154301063C0,76ee08f0c71b97728e943666840654123f2efa7856b66bec551eed15496b8867,complete-original-current-local-forms-captured-primary,0.9872438384361386,12.6684829626928,923.0550634753699,8,landsd/74535:0;landsd/88048:0;landsd/47284:0;landsd/309262:0;landsd/73705:0;landsd/47324:0;landsd/88049:0;landsd/87203:0,,True,True,False
131,landsd/77435:0,Liberte Block 7,be026e2c8b7e9eb731a78624347b43ddcb45cf4dd24077987047dde96b6680e3/B333742179301063C0,cd375cde9e273ce3717d2e9cf98d7d2d75e37936d5feeb7bc242b9685186420d,complete-original-current-local-forms-captured-primary,0.9999179222998963,21.9469019148517,936.6126248318777,2,landsd/283034:0;landsd/77421:0,5256583,True,True,False
132,landsd/277890:0,B368711898502063C0,ba72018bf0b50c5798982183f4ef19ce0f44ca572e17d5539c8a4768f7c08964/B368711898502063C0,31e137e5024c6caf78d0c0b2b258d8107d9868c6bab65cc0e7876d57f60a5fbb,complete-original-current-local-forms-captured-primary,0.9982324826688802,32.81053114825349,990.8346764253679,11,landsd/277973:0;landsd/277974:0;landsd/277975:0;landsd/277896:0;landsd/144312:0;landsd/144315:0;landsd/314699:0;landsd/143438:0;landsd/144314:0;landsd/143008:0;landsd/143007:0,6100406,False,True,False
133,landsd/309823:0,,54d94c4815e909944f0dd165c779e74d86a7dacd62323e95185bd131963b022c/B451992201301063C0,7270510e89f268a8c114ba787cdf9a1d4255d55acdc0d05bb4dfd81922f0e65a,complete-original-current-local-forms-captured-primary,0.9913076996642665,22.785067556974976,1069.1367133200083,19,landsd/309829:0;landsd/336320:0;landsd/31181:0;landsd/31251:0;landsd/29105:0;landsd/29139:0;landsd/339024:0;landsd/309838:0;landsd/26949:0;landsd/309840:0;landsd/29271:0;landsd/31639:0;landsd/33442:0;landsd/232158:0;landsd/232669:0;landsd/31202:0;landsd/309834:0;landsd/309820:0;landsd/309819:0,1732120;1732181;2111318,True,True,False
134,landsd/259378:0,Harbour Plaza Metropolis,02ed31ca80d062016f8052b6ed1fb8298f86ec41191ac9235f5e61b1feb48376/B369271804901063C0,1f7f3f42844aa20b23bf30f398b7f67035953c98b1b530d5529c8be4dd4c8034,complete-original-current-local-forms-captured-primary,0.9994235091409318,23.367165897387522,1086.8968508064536,1,landsd/240841:0,5240706,True,True,False
135,landsd/236354:0,Hong Kong Disneyland Hotel,6160458c874a208737f7269674f1c5c68bba0ae453f1aa21d7aa0b689cb2f3ff/B225861878301063C1,fd61c67e487a2e34bc2386430dbfae701f5af323544a4711b108d608a98f4fe6,complete-original-current-local-forms-captured-primary,0.9982215949311675,27.74216062909512,1105.9472292999812,5,landsd/178183:0;landsd/176914:0;landsd/169147:0;landsd/169148:0;landsd/176052:0,5309442,True,True,False
136,landsd/239351:0,OLYMPIAN CITY 2,e0b18b14edfb22334913f06de8bc312f8936a32cfd0ad5222c51a6f4d73bde1d/B348241969002063C0,7634f1f1056be930007fad6f1ae9f6785e43be6cb2653c96795169bd1abc368d,complete-original-current-local-forms-captured-primary,0.9681384818583048,10.385816854251253,1188.0233974709147,10,landsd/72277:0;landsd/265851:0;landsd/79627:0;landsd/83837:0;landsd/79657:0;landsd/83600:0;landsd/80122:0;landsd/269839:0;landsd/269908:0;landsd/239350:0,1371197,True,True,False
137,landsd/69025:0,The Hong Kong Academy for Performing Arts Administration Block,18e0fc197fcd6dc965680e20be5d0effdd3dfad9810ef6d1265a5cd652f88b93/B354511570301063C0,75d1193ec409e8522705df1f262f647e12beda5c4e309f9905ca8ba7e5e88414,complete-original-current-local-forms-captured-primary,0.9961612378050222,23.568532840773845,1211.5949480235463,1,landsd/337830:0,1645588,True,True,False
138,landsd/96672:0,Long Ping Commercial Centre,6a1a4836a59bdcd6db6cba1bb05d3b2e4f424e395d9af9cec0b0a1cf07e62375/B204493454701063C0,2ba989e593e084c5635c3a47f5acee4e74d2506a8966eb75e7dd10c20ee8019f,complete-original-current-local-forms-captured-primary,0.990639211535886,36.99785668948998,1349.9001484461846,5,landsd/229933:0;landsd/229934:0;landsd/233871:0;landsd/71405:0;landsd/240075:0,,True,True,False
139,landsd/258562:0,B411763112002062G0,40618618c5a63e2ebf49239fc2e15f5d8a3243eb11b41dba3f4c34a3c8709211/B411763112002062G0,c56d770e7d85ea1ea728a1fe1fb6e15d37c37e9c002b82109e7f745508429ed5,complete-original-current-local-forms-captured-primary,0.9974907035768464,12.28805694136012,1400.6438267394253,11,landsd/88973:0;landsd/71226:0;landsd/72432:0;landsd/88957:0;landsd/88223:0;landsd/86302:0;landsd/71800:0;landsd/71126:0;landsd/72544:0;landsd/72430:0;landsd/71677:0,1291290;1296597,True,True,False
140,landsd/120104:0,Siu Ho Wan Depot,a5fd549cd3101b6b1ef3adbb899835287b485c424da9712f9b68c4f9b1249ce5/B162761882001063C0,655eb47347eec12814da670830672cf5808a23bbb590e520b22b0d21f6ce360f,complete-original-current-local-forms-captured-primary,0.9934021785530603,54.38098794679797,1587.294653836473,2,landsd/177363:0;landsd/178180:0,,True,True,False
141,landsd/233227:0,HARBOURFRONT HORIZON ALL-SUITE HOTEL,d736380b7cd856b4f0291d1c1897ba59b9e3d2b7b1c8970dc16e4e54d9611086/B370971793102063C0,b59787a14f989eae55dcb47cafdc4f076215e9190ebcb2136a2277d10f4203a0,complete-original-current-local-forms-captured-primary,0.9759918830691412,64.82783095042784,1892.1239854469072,1,landsd/31275:0,5321324,True,True,False
142,landsd/64856:0,IFC Mall (Hong Kong Station),d5ad46b119a22a5d8780a43392efccd26c82e479c1e98af560fbb46cb49ba438/B343251620701063C0,d0cf990103d9c85bd3adc101d015de2eeed97314cfaaed14b88e0dd8d87c7b5f,complete-original-current-local-forms-captured-primary,0.9998342678421093,55.909440412028786,4647.50154436949,5,way/664250327:0;way/664250326:0;landsd/232441:0;landsd/161250:0;landsd/257115:0,,True,True,False
143,landsd/277859:0,,4347f9665a856d38795f85101f8df25a66cf46948684d1cd075376f47f5f77e4/B391942913201063C0,ca7b0d70a26e650c3ec0962d611c86ef90ca91646eebccb353823d556a6d9cb6,complete-original-current-local-forms-captured-primary,0.9996569869414194,88.21086330021721,6628.061223496719,9,landsd/277860:0;landsd/72912:0;landsd/53724:0;landsd/55405:0;landsd/277862:0;landsd/22818:0;landsd/22930:0;landsd/42118:0;landsd/251955:0,2294474,True,True,False
144,landsd/162768:0,Passenger Clearance Building,1602d59ada6f40af0ba6f0f544adc856f766ac10f69ecd529746b30fe8ffa6e6/B130291991401063C1,8df09bfde9d69f09ccbec06f7c45cff3d0095d209616b49917465428f89a3c14,complete-original-current-local-forms-captured-primary,0.9996647869145845,103.38885258815881,28042.696608944516,8,landsd/71245:0;landsd/232103:0;landsd/129770:0;landsd/161537:0;landsd/161745:0;landsd/83090:0;landsd/332872:0;landsd/153422:0,,True,True,False
145,landsd/157125:0,B365112054601063C0,fec77e23fc38d6599f5c115545fe8e96bb95ae3b7b618fd6dce5b61de594a30f/B365112054601063C0,61a4184f849ef10821ec04819ba8527dba5dfcb5bdb3284c48a1f44d3778707d,complete-original-current-local-forms-captured-primary,0.8669879866977802,0.10811454984939249,0.0,0,,,True,True,False
146,landsd/190963:0,Siu Hong Shopping Centre,97723df4ee325527aa34c1232017812939f6af5aaa34e6e07c67f8e63cfc11f1/B157953036301063C0,e4220c79428d6234672c3d40f49660dad2b7ab877884fff2c9b3f1acc2dc96ed,complete-original-current-local-forms-captured-primary,0.5834916870971038,2.6263050682810474,0.0,0,,,True,True,False
147,landsd/32067:0,Beverly Garden Block 5,ff85f5d0545279ae6cf83b0a56d3690ef50e3502611ab9778a4d667d7f066641/B450401899901063C0,f306fb79d884b63f04236fcbe1b672ebfc35abdc926dacd1303ea94adea8b7da,complete-original-current-local-forms-captured-primary,0.9429477243287182,6.196678145571265,0.0,0,,1944456,True,True,False
148,landsd/232089:0,B148472587602062G0,665f1d61f579cdada99bb14b3bd9c8d0d189f0996c9c09d6ecb6453e7049351d/B148472587602062G0,e1ca315cbc06063625c6d038f285ddc05d22e1cdb222c751796c6b30ff52b41e,complete-original-current-local-forms-captured-primary,0.911348701187894,1.6012308626705427,0.0007546757746295375,4,landsd/203462:0;landsd/203441:0;landsd/203438:0;landsd/202599:0,1624943;1625059,True,True,False
149,landsd/147996:0,B350352046901063C0,0069c72b88199caa8955f45dee25ca3abcece3924ce1d4ce2fa116055e861980/B350352046901063C0,aa2f514855c60e67fdb9e1f2122f7615b2d9f9670afc745c13736c3d338c116a,complete-original-current-local-forms-captured-primary,0.8738195824389892,2.887545501104552,0.0016936286073179407,1,landsd/147734:0,5216458,True,True,False
150,landsd/259803:0,B428451455802063C0,233dc9a8d96d9bfdca22a232427986abe96a9b22d4adffb7aefef4c0d46113bf/B428451455802063C0,0e2293e5c811b9d064b65aea4bf94614fb9d2874265294885dc02cf568fc3786,complete-original-current-local-forms-captured-primary,0.9232019715068653,6.646808166348791,0.0018859025886856099,1,landsd/259613:0,6074186,True,True,False
151,landsd/9778:0,B393472409802062G0,3cc11616a8292ce4288f76ff83b59d9440cb3ed1f1591c39b38ad40a768c19a3/B393472409802062G0,268fa418585fc618d40a9c603e7dbcb579f36a6326d6d79711ac4943f5dadabf,complete-original-current-local-forms-captured-primary,0.7851742984306422,0.7389803033838908,0.0034821635963587943,1,landsd/132578:0,,False,True,False
152,landsd/118003:0,B355371859301063C0,3756d39d62512c0ba56c0186cd6fcc7ec11f750605c3c924df1e7aa4f1591dd7/B355371859301063C0,f3d9ed0d2750849db16427133f0c09c441a01d8a5ef1f3c9c8e26dbf6f1a96e0,complete-original-current-local-forms-captured-primary,0.8935067559667651,2.397112571204977,2.3175890844249953,1,landsd/118128:0,1645937,True,True,False
153,landsd/76610:0,B385352847202063C0,7413b8b56f117546376ccc5f3aba22a8035b051fc6c905a7b1f83b62552f69c3/B385352847202063C0,088125810dd0206e9e1dbc81d550c6a65e6ae54f7e7ac8b3293e689c2e22f651,complete-original-current-local-forms-captured-primary,0.8859267617516674,6.709126458305552,11.566533851028103,3,landsd/304541:0;landsd/340334:0;landsd/252555:0,5401143,True,True,False
154,landsd/255541:0,Beverly Hill Block D,acd6ebaba1f0209fe5e0a4abb26d02dd0e5526ec8238f3f01953f334ca7fef01/B371601498801063C0,c998eee48b38a47635f3c2344c58cfac3533518b16629c3ab69df1d124ae244d,complete-original-current-local-forms-captured-primary,0.9342514477289086,2.2299716086479244,12.451471791228343,2,landsd/233218:0;landsd/70279:0,720364,True,True,False
155,landsd/276873:0,B325281632801063C0,e2111355d20198ba215e19a0e214a14a1fd1bcc90a0670f1dfe0003cec4ae788/B325281632801063C0,1ab145d9f584ac5e839a2841e0d5fef8b3b465fce51fee8058441e15ca3f2d3c,complete-original-current-local-forms-captured-primary,0.9401599855233117,2.8740745839737216,20.457228405370312,1,landsd/275792:0,,True,True,False
156,landsd/173532:0,Elegant Garden Block 2,e2111355d20198ba215e19a0e214a14a1fd1bcc90a0670f1dfe0003cec4ae788/B322851642001063C0,d6f98cee5009a166605a167130796583594e997913853f5b052e4b184bba4852,complete-original-current-local-forms-captured-primary,0.9406318724911675,1.3121643307523858,20.524448613950593,2,landsd/236170:0;landsd/213586:0,361063,True,True,False
157,landsd/173768:0,Elegant Garden Block 1,e2111355d20198ba215e19a0e214a14a1fd1bcc90a0670f1dfe0003cec4ae788/B322691642101063C0,e083db6a404caf56e8bff295086d06028e6482d1ba87836704e3801e86276373,complete-original-current-local-forms-captured-primary,0.9425058809466693,1.3582173125148662,25.672348127934235,2,landsd/236170:0;landsd/173532:0,360215,True,True,False
158,landsd/253980:0,Hong Kong Parkview Block 14,8c657e8fa1227ddad1b28bf083ea0ebea94cc46ee359b29ef3149c26d519662b/B384951311701063C0,361279b3a07b1242b2dab5d85e07b5f48a3aa40914923fcc515d4072f0808f23,complete-original-current-local-forms-captured-primary,0.8609241515241756,0.7020801391972462,30.084102599859605,2,landsd/254491:0;landsd/255648:0,1742747,True,True,False
159,landsd/256280:0,Oi Sin House,021e1102bf441c156d8156feea676592ed87d0c308333b9426a9f8e388c82ece/B414231575901063C0,3c20ebb504b2dd4aab88286955d418fee94dacd76c9d7315b8e5e94dbaecc014,complete-original-current-local-forms-captured-primary,0.8828408867056257,1.3929540226382082,31.250113756513024,2,landsd/91128:0;landsd/256457:0,,True,True,False
160,landsd/337316:0,Kwong Fung Terrace Block 2,e2111355d20198ba215e19a0e214a14a1fd1bcc90a0670f1dfe0003cec4ae788/B323331634701063C0,28fbf1ee9b232d42ea0ed99024479523fdb2427a71f4ebf8077a7aa2324d3962,complete-original-current-local-forms-captured-primary,0.9367375841299989,1.4269843038360448,40.34080883714743,1,landsd/229834:0,5030024,True,True,False
161,landsd/264677:0,Folkland Mansion,0069c72b88199caa8955f45dee25ca3abcece3924ce1d4ce2fa116055e861980/B349182048401063C0,d0800736fe971a38c473b4c8014141aa18d3f1ad3cb43891fc25c0d0505e943f,complete-original-current-local-forms-captured-primary,0.9353457805649166,2.038568056246782,44.75660306531982,1,landsd/225387:0,5073324,True,True,False
162,landsd/311763:0,Southland Tower 2A,e6c0a5fef2f4ceb2865447c77c8fb9df1b66c10e282856a72635341ebdc42a60/B353661194301063C0,036d9c758af7c3898df45e712bf5eda59464a4b009dda8c0ede6ec6bb585c894,complete-original-current-local-forms-captured-primary,0.9133751507167198,2.1442751500498045,47.67558324237047,2,landsd/315025:0;landsd/311759:0,,True,True,False
163,landsd/256898:0,Ronsdale Garden Block 1,a88909e77ade4f62192ce33aafc3adf8ac76a4b2d7c6743d7c168832c3802c15/B381851510001063C0,9be153705182fd4e1dec0e35bfb2baf4e20eda9c00aa1d3846a8fcee2ca7feb8,complete-original-current-local-forms-captured-primary,0.9285690487112241,1.3576684514964965,54.19179569889606,1,landsd/233771:0,1278818,True,True,False
164,landsd/145750:0,Harbour Grand Kowloon,82269a9a6ea1176753291bb0cb9e0d5aa688567c8b40f44cbbf6a39e215127a2/B378651820901063C0,9704ba20eb76da9fecadfe1a84114ecc357571360ef9ec722e5d09815294d62f,complete-original-current-local-forms-captured-primary,0.9496529497069114,5.4167960136338476,59.3914157909888,2,landsd/151303:0;landsd/118230:0,1645337,True,True,False
165,landsd/7055:0,Kam Fat Building,a04c53795d53db1d54dd224b5d4b2b9091855f5b8525f82753a981f88bc08438/B337811164701063C0,b27b4bccd10876d9bb3e5de50a061d2665053591d5ea31d95b5f58df9655bd9a,complete-original-current-local-forms-captured-primary,0.9285156887876868,3.0948474649669206,59.73721792735325,1,landsd/234183:0,957458,True,True,False
166,landsd/256118:0,Hong Kong Parkview Block 1,62fd9d40d3d4af65b55fba799a0377c16db48438a18017aea1c1533ff62c3958/B385991328301063C0,29a33ef033d4cc0ed884424df5cf9f73ddf1f6071b2f13e76d08ebec07995bf9,complete-original-current-local-forms-captured-primary,0.9492219553079682,1.7733262695367722,64.09482611485487,1,landsd/254491:0,1740567,True,True,False
167,landsd/240962:0,Shangri-La,50fc7bc071df80beda9ae82ed346a2cc010eeddd1eb42b345f0c983e347c5451/B362851756301063C0,2b2c545fe714424d9b0af9af5acd62256f64a011a1d0c5e455ccc2e04644a6a4,complete-original-current-local-forms-captured-primary,0.9499792244652022,2.6457563741426418,87.91789037168479,1,landsd/233824:0,164934,True,True,False
168,landsd/156599:0,Ocean Centre,ee5310370d794b09411c6339096cafac14499ead61ccc90912d6073fadb62b8b/B354381745901063C0,0c91d5079caf5faad9a5c39298d574250f6d35744175ceffc547f204ccab4156,complete-original-current-local-forms-captured-primary,0.8855452806816858,3.3259364383006513,88.72896391927854,1,landsd/234188:0,1127754,True,True,False
169,landsd/237751:0,Wah Shun Gardens,a6920cf3f69444fb1d5b63b5880f208d2d9844fb58d0e730b0fd3710e2077c4b/B396821652001063C0,56b84c0518e8ee0f38a8174dc1e73170076ae20b989965c8e9e516c3eb87f9da,complete-original-current-local-forms-captured-primary,0.9115476694356979,2.106720535456338,91.47061561121578,1,landsd/235644:0,845261,False,True,False
170,landsd/336667:0,Tuen Mun Hospital Main Block,f54667a11a4918e55f95112b671840c62f8247be15c5693d191dc9b244d4a809/B156072976701063C0,7d65f623fafccf51590c7dab2c1cb7238560b53ea98510cf89d11aced7b93e66,complete-original-current-local-forms-captured-primary,0.7518330073409442,7.961312020076388,192.88858461097354,5,landsd/280350:0;landsd/336668:0;landsd/336671:0;landsd/193881:0;landsd/336669:0,,False,True,False
171,landsd/280350:0,B156122977802063C0,f54667a11a4918e55f95112b671840c62f8247be15c5693d191dc9b244d4a809/B156122977802063C0,851ae2f02fe2499f10c8514b08be8bb9e2e73afa243488c5dc0e0c6ea7acb261,complete-original-current-local-forms-captured-primary,0.7504441121592247,8.046188718575056,1704.5029593946385,7,landsd/323118:0;landsd/198266:0;landsd/191896:0;landsd/6629:0;landsd/336671:0;landsd/336667:0;landsd/336669:0,,True,True,False
172,landsd/59289:0,Yoho Town Block 9,d8dd631ac65de2790f694981e8402bafd0f0f33e1a65bbce74d03db17e307d4b/B217753367701063C0,115130c0e12d670a74f78c69f643dd3a021dfd90ef4f86dd96907c4c4f4f56ed,complete-original-current-local-forms-captured-primary,0.45702083489640816,12.676573960080102,0.0,0,,5285255,True,True,False
173,landsd/313117:0,,16a36c3f9437ad1adafcf944acbd09185ba890144c898034ea585f2643f46618/B336132128602063C0,6e2c5e7c96242e2ab5d9fb9ffa454ed210fa10507e2cd7866b0f73275c9fb591,complete-original-current-local-forms-captured-primary,0.921423732918723,38.56505583930302,0.0,0,,,True,True,False
174,landsd/176472:0,,880acca51bf28fe6db40811ca8c8cfd6c6e5133cd6408dd0e337cf55bfecf43f/B111041700501063C0,00f5a12bd7bd460af8346b41e5bb0e14be79f09c3efb3be99f25016c44edf2c3,complete-original-current-local-forms-captured-primary,0.4920229885927492,43.12129316159628,0.0,0,,5325135,True,True,False
175,landsd/232240:0,HONG KONG CENTRAL LIBRARY,75b5edde8afeaf175e91b8230cbc7f618d1ebe5ffe18e71e38192a8507e0fd1a/B375841567402063C0,d33beb18ab1ecd41bf45e2c0d36424173d0b2f6e4cf4e5f48ca563f8837b95da,complete-original-current-local-forms-captured-primary,0.9210682621177468,19.539080000320645,0.00010192766267282989,1,landsd/227428:0,,True,True,False
176,landsd/17217:0,The Podium,5eece33b36af2cb9201ea69589899b949dbbf0a71c9e5f43e89f094e8e3f0f30/B396193201302063C0,158c429b4221a79e76989e962d49324e6ebcb5b518088aefd5981dea0dffe49c,complete-original-current-local-forms-captured-primary,0.28383619874074134,13.581792649643806,0.0015498051554171353,1,landsd/111356:0,5886046,True,True,False
177,landsd/295538:0,PopCorn 1,e1ecd1820b0be0962427309bd44ba68857f438aef31260ccb2d82314586aa3be/B447991877202063C0,9dc37f891dc96d8ce8be29da04138e347e7bea4924f7e709e793ad3495ac539f,complete-original-current-local-forms-captured-primary,0.9388661321205855,23.19860226303997,0.0051074617452554864,5,landsd/297819:0;landsd/295536:0;landsd/295537:0;landsd/186723:0;landsd/295430:0,,True,True,False
178,landsd/310787:0,HOTEL INTER-CONTINENTAL HONG KONG,f2c3e43b5d165d3e8d01162d66e65543cd6452c00a5c033b221386ab7de6d96b/B359761718602063C0,e1702846809ecd17a74316e9a582f17e2999d7a197fcea0b16ab372aecda2525,complete-original-current-local-forms-captured-primary,0.8962241110770075,27.455508471644624,2.3427397176374045,2,landsd/304446:0;landsd/159863:0,,True,True,False
179,landsd/232526:0,B361251909902063C0,e67076501f0a4d23144a95f2da680369853944becce4a474a9936db2b9f76783/B361251909902063C0,566485e80ebeaa60ff1c709ee6d49ebf0e3e95847a449d8707d0daa57a4bb04d,complete-original-current-local-forms-captured-primary,0.9129971210339399,19.554368757915103,19.269299989289415,5,landsd/70151:0;landsd/238247:0;landsd/238253:0;landsd/238248:0;landsd/238455:0,208681,True,True,False
180,landsd/26195:0,,828133bbea286a52de1484a5163766bfab7ee42b0b4c07a8be3e756f0cabe7e6/B351161568102063C1,50da67a3a009c3c832d2bfdbd08640c89d958ef8cf077d1c172e7059900f8af9,complete-original-current-local-forms-captured-primary,0.8337476714134163,17.297928477741944,19.70828130425998,3,landsd/315069:0;landsd/322270:0;landsd/319534:0,,True,True,False
181,landsd/245792:0,,e6d0fad5e461bc9bb63e6a7cbfde43d9cdf80a4cb75fcef23f5721415d7e580b/B344532032902063C0,00ec979fcd65e006b1c9d20abb6e0d90c43afe273f4aae115ae370b49ea53738,complete-original-current-local-forms-captured-primary,0.9330429572506121,92.05434420672762,77.41541075623665,5,landsd/106615:0;landsd/159671:0;landsd/260013:0;landsd/254511:0;landsd/148184:0,5339160,True,True,False
182,landsd/254058:0,,e67076501f0a4d23144a95f2da680369853944becce4a474a9936db2b9f76783/B360941889702063C0,16485bc4e5c4a38d6fae8ec0f69a23bc53dec0f723cb0a4911262d8c2154feef,complete-original-current-local-forms-captured-primary,0.3020091952788954,39.400417542314315,119.61806991818581,6,landsd/161195:0;landsd/311315:0;landsd/337624:0;landsd/337625:0;landsd/337623:0;landsd/311316:0,,False,True,False
183,landsd/239350:0,OLYMPIAN CITY 2,e0b18b14edfb22334913f06de8bc312f8936a32cfd0ad5222c51a6f4d73bde1d/B348451958602063C0,672f15e6c5f2817cdca2c87804168e5e2aa8c79ad084e8962a5037603a75c725,complete-original-current-local-forms-captured-primary,0.9181684217258325,23.757781840174186,628.5767171474002,5,landsd/239351:0;landsd/227455:0;landsd/72277:0;landsd/83837:0;landsd/240161:0,1371197,True,True,False
184,,,3823f924cd3de2e96656b14a0733dfa6df00341df154f8076db5d18d627f542d/B352981210001063C0,81005fddfb751f000245644b58da24b825c7e83c9229a881bd139bcaf1e6c9f0,no-unique-exact-primary-candidate,,,,,,,,,False
185,,,50fc7bc071df80beda9ae82ed346a2cc010eeddd1eb42b345f0c983e347c5451/B365201779201063C0,f1415300ae3ea9848213bb0e64975a00b2d3a86cceb11537bad88bd7eae3efc5,no-unique-exact-primary-candidate,,,,,,,,,False
186,,,9d831261575c14cefa55303c176b7d4f21585b35a2bcd2d32a794e801de14e4c/B349971856402063C0,bbc110089e6a30b158381cdc98020315718d206a8aff1bdacf9198fdc61212ea,no-unique-exact-primary-candidate,,,,,,,,,False
187,,,b61b2dc5076879eaedd16046bad1e408757d43bd4bdd231fecda0933bd2629dd/B360171738601063C0,4f483e0d26cd40ba3bf93c6edd1e8485e5d11c2d7cde3cd9243651f0505784ea,no-unique-exact-primary-candidate,,,,,,,,,False
188,landsd/213352:0,Central Pier No.8,2e7d8aaeda14af2764d26ca039856fa390eba2a5891fd310f5fe1b9ad4b95517/B347431642801063C0,e02fcc017b57e736a8228afc1413367a33971e6204865027d34157dcebe29a12,diagnostic-input-or-decoder-unresolved,,,,,,,,,False
189,landsd/229852:0,B397070873201063C0,8a8d98e32d0f9ece6cbcab806fbf167b6fc3f46cd51fce76aa933ceb4f8a7608/B397070873201063C0,5d92d9d44da6261830820fdf22a794c392df6f9adf08f9551980067a1048507b,no-unique-exact-primary-candidate,,,,,,,,,False
190,landsd/270876:0,The Peninsula,f2c3e43b5d165d3e8d01162d66e65543cd6452c00a5c033b221386ab7de6d96b/B357421737102063C0,3a40860e5302240d814f907d2f1edabc4b3c7becab1c90d37f406d2a4ce631f2,no-unique-exact-primary-candidate,,,,,,,,,False
