lon,x_m_from_west,skyline_elevation_m
113.82505853,0.000,0.000
113.82523030,17.697,0.000
113.82540208,35.395,0.000
113.82557385,53.092,0.000
113.82574562,70.789,0.000
113.82591740,88.487,0.000
113.82608917,106.184,0.000
113.82626094,123.882,0.000
113.82643272,141.579,0.000
113.82660449,159.276,0.000
113.82677626,176.974,0.000
113.82694804,194.671,0.000
113.82711981,212.368,0.000
113.82729158,230.066,0.000
113.82746336,247.763,0.000
113.82763513,265.460,0.000
113.82780690,283.158,0.000
113.82797867,300.855,0.000
113.82815045,318.553,0.000
113.82832222,336.250,0.000
113.82849399,353.947,0.000
113.82866577,371.645,0.000
113.82883754,389.342,0.000
113.82900931,407.039,0.000
113.82918109,424.737,0.000
113.82935286,442.434,0.000
113.82952463,460.131,0.000
113.82969641,477.829,0.000
113.82986818,495.526,0.000
113.83003995,513.224,0.000
113.83021173,530.921,0.000
113.83038350,548.618,0.000
113.83055527,566.316,0.000
113.83072705,584.013,0.000
113.83089882,601.710,0.000
113.83107059,619.408,0.000
113.83124237,637.105,0.000
113.83141414,654.802,0.000
113.83158591,672.500,0.000
113.83175769,690.197,0.000
113.83192946,707.895,0.000
113.83210123,725.592,0.000
113.83227300,743.289,0.000
113.83244478,760.987,0.000
113.83261655,778.684,0.000
113.83278832,796.381,0.000
113.83296010,814.079,0.000
113.83313187,831.776,0.000
113.83330364,849.473,0.000
113.83347542,867.171,0.000
113.83364719,884.868,0.000
113.83381896,902.565,0.000
113.83399074,920.263,0.000
113.83416251,937.960,0.000
113.83433428,955.658,0.000
113.83450606,973.355,0.000
113.83467783,991.052,0.000
113.83484960,1008.750,0.000
113.83502138,1026.447,0.000
113.83519315,1044.144,0.000
113.83536492,1061.842,0.001
113.83553670,1079.539,0.002
113.83570847,1097.236,0.004
113.83588024,1114.934,0.008
113.83605202,1132.631,0.016
113.83622379,1150.329,0.031
113.83639556,1168.026,0.057
113.83656734,1185.723,0.099
113.83673911,1203.421,0.162
113.83691088,1221.118,0.252
113.83708265,1238.815,0.374
113.83725443,1256.513,0.537
113.83742620,1274.210,0.751
113.83759797,1291.907,1.029
113.83776975,1309.605,1.381
113.83794152,1327.302,1.815
113.83811329,1345.000,2.342
113.83828507,1362.697,2.969
113.83845684,1380.394,3.703
113.83862861,1398.092,4.553
113.83880039,1415.789,5.526
113.83897216,1433.486,6.629
113.83914393,1451.184,7.868
113.83931571,1468.881,9.247
113.83948748,1486.578,10.770
113.83965925,1504.276,12.436
113.83983103,1521.973,14.248
113.84000280,1539.671,16.202
113.84017457,1557.368,18.296
113.84034635,1575.065,20.525
113.84051812,1592.763,22.883
113.84068989,1610.460,25.361
113.84086167,1628.157,27.948
113.84103344,1645.855,30.634
113.84120521,1663.552,33.406
113.84137698,1681.249,36.256
113.84154876,1698.947,39.175
113.84172053,1716.644,42.156
113.84189230,1734.342,45.198
113.84206408,1752.039,48.299
113.84223585,1769.736,51.459
113.84240762,1787.434,54.681
113.84257940,1805.131,57.968
113.84275117,1822.828,61.323
113.84292294,1840.526,64.748
113.84309472,1858.223,68.248
113.84326649,1875.920,71.824
113.84343826,1893.618,75.482
113.84361004,1911.315,79.226
113.84378181,1929.013,83.058
113.84395358,1946.710,86.985
113.84412536,1964.407,91.010
113.84429713,1982.105,95.138
113.84446890,1999.802,99.372
113.84464068,2017.499,103.717
113.84481245,2035.197,108.175
113.84498422,2052.894,112.750
113.84515600,2070.591,117.443
113.84532777,2088.289,122.254
113.84549954,2105.986,127.186
113.84567132,2123.684,132.238
113.84584309,2141.381,137.409
113.84601486,2159.078,142.697
113.84618663,2176.776,148.099
113.84635841,2194.473,153.613
113.84653018,2212.170,159.235
113.84670195,2229.868,164.962
113.84687373,2247.565,170.790
113.84704550,2265.262,176.713
113.84721727,2282.960,182.728
113.84738905,2300.657,188.828
113.84756082,2318.354,195.008
113.84773259,2336.052,201.262
113.84790437,2353.749,207.582
113.84807614,2371.447,213.962
113.84824791,2389.144,220.394
113.84841969,2406.841,226.871
113.84859146,2424.539,233.385
113.84876323,2442.236,239.925
113.84893501,2459.933,246.483
113.84910678,2477.631,253.050
113.84927855,2495.328,259.615
113.84945033,2513.025,266.165
113.84962210,2530.723,272.690
113.84979387,2548.420,279.176
113.84996565,2566.118,285.612
113.85013742,2583.815,291.986
113.85030919,2601.512,298.283
113.85048096,2619.210,304.490
113.85065274,2636.907,310.589
113.85082451,2654.604,316.569
113.85099628,2672.302,322.415
113.85116806,2689.999,328.116
113.85133983,2707.696,333.660
113.85151160,2725.394,339.035
113.85168338,2743.091,344.231
113.85185515,2760.789,349.237
113.85202692,2778.486,354.045
113.85219870,2796.183,358.646
113.85237047,2813.881,363.034
113.85254224,2831.578,367.204
113.85271402,2849.275,371.151
113.85288579,2866.973,374.873
113.85305756,2884.670,378.369
113.85322934,2902.367,381.638
113.85340111,2920.065,384.684
113.85357288,2937.762,387.512
113.85374466,2955.460,390.126
113.85391643,2973.157,392.537
113.85408820,2990.854,394.755
113.85425998,3008.552,396.791
113.85443175,3026.249,398.658
113.85460352,3043.946,400.366
113.85477530,3061.644,401.925
113.85494707,3079.341,403.341
113.85511884,3097.038,404.621
113.85529061,3114.736,405.769
113.85546239,3132.433,406.788
113.85563416,3150.131,407.682
113.85580593,3167.828,408.453
113.85597771,3185.525,409.105
113.85614948,3203.223,409.641
113.85632125,3220.920,410.063
113.85649303,3238.617,410.374
113.85666480,3256.315,410.577
113.85683657,3274.012,410.674
113.85700835,3291.709,410.668
113.85718012,3309.407,410.560
113.85735189,3327.104,410.353
113.85752367,3344.802,410.051
113.85769544,3362.499,409.658
113.85786721,3380.196,409.177
113.85803899,3397.894,408.614
113.85821076,3415.591,407.975
113.85838253,3433.288,407.268
113.85855431,3450.986,406.500
113.85872608,3468.683,405.678
113.85889785,3486.380,404.812
113.85906963,3504.078,403.910
113.85924140,3521.775,402.983
113.85941317,3539.473,402.042
113.85958495,3557.170,401.097
113.85975672,3574.867,400.160
113.85992849,3592.565,399.240
113.86010026,3610.262,398.348
113.86027204,3627.959,397.494
113.86044381,3645.657,396.688
113.86061558,3663.354,395.940
113.86078736,3681.051,395.260
113.86095913,3698.749,394.659
113.86113090,3716.446,394.147
113.86130268,3734.143,393.732
113.86147445,3751.841,393.423
113.86164622,3769.538,393.228
113.86181800,3787.236,393.154
113.86198977,3804.933,393.207
113.86216154,3822.630,393.391
113.86233332,3840.328,393.709
113.86250509,3858.025,394.163
113.86267686,3875.722,394.754
113.86284864,3893.420,395.480
113.86302041,3911.117,396.341
113.86319218,3928.814,397.331
113.86336396,3946.512,398.448
113.86353573,3964.209,399.685
113.86370750,3981.907,401.035
113.86387928,3999.604,402.490
113.86405105,4017.301,404.041
113.86422282,4034.999,405.679
113.86439459,4052.696,407.392
113.86456637,4070.393,409.171
113.86473814,4088.091,411.002
113.86490991,4105.788,412.873
113.86508169,4123.485,414.770
113.86525346,4141.183,416.679
113.86542523,4158.880,418.588
113.86559701,4176.578,420.485
113.86576878,4194.275,422.359
113.86594055,4211.972,424.202
113.86611233,4229.670,426.004
113.86628410,4247.367,427.758
113.86645587,4265.064,429.456
113.86662765,4282.762,431.091
113.86679942,4300.459,432.655
113.86697119,4318.156,434.140
113.86714297,4335.854,435.540
113.86731474,4353.551,436.844
113.86748651,4371.249,438.043
113.86765829,4388.946,439.130
113.86783006,4406.643,440.096
113.86800183,4424.341,440.933
113.86817361,4442.038,441.632
113.86834538,4459.735,442.188
113.86851715,4477.433,442.592
113.86868893,4495.130,442.838
113.86886070,4512.827,442.924
113.86903247,4530.525,442.847
113.86920424,4548.222,442.606
113.86937602,4565.920,442.204
113.86954779,4583.617,441.640
113.86971956,4601.314,440.918
113.86989134,4619.012,440.041
113.87006311,4636.709,439.013
113.87023488,4654.406,437.842
113.87040666,4672.104,436.535
113.87057843,4689.801,435.101
113.87075020,4707.498,433.548
113.87092198,4725.196,431.887
113.87109375,4742.893,430.127
113.87126552,4760.591,428.281
113.87143730,4778.288,426.359
113.87160907,4795.985,424.374
113.87178084,4813.683,422.340
113.87195262,4831.380,420.270
113.87212439,4849.077,418.180
113.87229616,4866.775,416.082
113.87246794,4884.472,413.992
113.87263971,4902.169,411.922
113.87281148,4919.867,409.887
113.87298326,4937.564,407.899
113.87315503,4955.262,405.973
113.87332680,4972.959,404.119
113.87349857,4990.656,402.351
113.87367035,5008.354,400.677
113.87384212,5026.051,399.108
113.87401389,5043.748,397.651
113.87418567,5061.446,396.313
113.87435744,5079.143,395.100
113.87452921,5096.840,394.018
113.87470099,5114.538,393.072
113.87487276,5132.235,392.265
113.87504453,5149.932,391.602
113.87521631,5167.630,391.083
113.87538808,5185.327,390.711
113.87555985,5203.025,390.485
113.87573163,5220.722,390.406
113.87590340,5238.419,390.472
113.87607517,5256.117,390.681
113.87624695,5273.814,391.030
113.87641872,5291.511,391.513
113.87659049,5309.209,392.126
113.87676227,5326.906,392.859
113.87693404,5344.603,393.706
113.87710581,5362.301,394.655
113.87727759,5379.998,395.697
113.87744936,5397.696,396.822
113.87762113,5415.393,398.021
113.87779291,5433.090,399.284
113.87796468,5450.788,400.603
113.87813645,5468.485,401.969
113.87830822,5486.182,403.374
113.87848000,5503.880,404.810
113.87865177,5521.577,406.266
113.87882354,5539.274,407.730
113.87899532,5556.972,409.192
113.87916709,5574.669,410.637
113.87933886,5592.367,412.054
113.87951064,5610.064,413.429
113.87968241,5627.761,414.749
113.87985418,5645.459,416.002
113.88002596,5663.156,417.178
113.88019773,5680.853,418.266
113.88036950,5698.551,419.258
113.88054128,5716.248,420.145
113.88071305,5733.945,420.921
113.88088482,5751.643,421.579
113.88105660,5769.340,422.115
113.88122837,5787.038,422.526
113.88140014,5804.735,422.811
113.88157192,5822.432,422.973
113.88174369,5840.130,423.013
113.88191546,5857.827,422.935
113.88208724,5875.524,422.743
113.88225901,5893.222,422.440
113.88243078,5910.919,422.032
113.88260255,5928.616,421.524
113.88277433,5946.314,420.926
113.88294610,5964.011,420.245
113.88311787,5981.709,419.491
113.88328965,5999.406,418.672
113.88346142,6017.103,417.798
113.88363319,6034.801,416.877
113.88380497,6052.498,415.914
113.88397674,6070.195,414.916
113.88414851,6087.893,413.885
113.88432029,6105.590,412.826
113.88449206,6123.287,411.741
113.88466383,6140.985,410.632
113.88483561,6158.682,409.501
113.88500738,6176.380,408.347
113.88517915,6194.077,407.170
113.88535093,6211.774,405.968
113.88552270,6229.472,404.740
113.88569447,6247.169,403.483
113.88586625,6264.866,402.197
113.88603802,6282.564,400.882
113.88620979,6300.261,399.537
113.88638157,6317.958,398.161
113.88655334,6335.656,396.755
113.88672511,6353.353,395.319
113.88689689,6371.051,393.854
113.88706866,6388.748,392.361
113.88724043,6406.445,390.841
113.88741220,6424.143,389.295
113.88758398,6441.840,387.726
113.88775575,6459.537,386.135
113.88792752,6477.235,384.525
113.88809930,6494.932,382.897
113.88827107,6512.629,381.254
113.88844284,6530.327,379.598
113.88861462,6548.024,377.935
113.88878639,6565.722,376.267
113.88895816,6583.419,374.600
113.88912994,6601.116,372.939
113.88930171,6618.814,371.291
113.88947348,6636.511,369.661
113.88964526,6654.208,368.058
113.88981703,6671.906,366.490
113.88998880,6689.603,364.966
113.89016058,6707.300,363.495
113.89033235,6724.998,362.089
113.89050412,6742.695,360.757
113.89067590,6760.392,359.510
113.89084767,6778.090,358.359
113.89101944,6795.787,357.314
113.89119122,6813.485,356.382
113.89136299,6831.182,355.571
113.89153476,6848.879,354.888
113.89170654,6866.577,354.339
113.89187831,6884.274,353.929
113.89205008,6901.971,353.665
113.89222185,6919.669,353.552
113.89239363,6937.366,353.594
113.89256540,6955.063,353.797
113.89273717,6972.761,354.163
113.89290895,6990.458,354.698
113.89308072,7008.156,355.404
113.89325249,7025.853,356.286
113.89342427,7043.550,357.345
113.89359604,7061.248,358.586
113.89376781,7078.945,360.007
113.89393959,7096.642,361.611
113.89411136,7114.340,363.394
113.89428313,7132.037,365.354
113.89445491,7149.734,367.487
113.89462668,7167.432,369.787
113.89479845,7185.129,372.248
113.89497023,7202.827,374.861
113.89514200,7220.524,377.618
113.89531377,7238.221,380.511
113.89548555,7255.919,383.528
113.89565732,7273.616,386.659
113.89582909,7291.313,389.892
113.89600087,7309.011,393.215
113.89617264,7326.708,396.613
113.89634441,7344.405,400.074
113.89651618,7362.103,403.585
113.89668796,7379.800,407.132
113.89685973,7397.498,410.706
113.89703150,7415.195,414.295
113.89720328,7432.892,417.893
113.89737505,7450.590,421.491
113.89754682,7468.287,425.084
113.89771860,7485.984,428.664
113.89789037,7503.682,432.227
113.89806214,7521.379,435.768
113.89823392,7539.076,439.283
113.89840569,7556.774,442.769
113.89857746,7574.471,446.221
113.89874924,7592.169,449.637
113.89892101,7609.866,453.014
113.89909278,7627.563,456.347
113.89926456,7645.261,459.635
113.89943633,7662.958,462.873
113.89960810,7680.655,466.058
113.89977988,7698.353,469.189
113.89995165,7716.050,472.263
113.90012342,7733.747,475.279
113.90029520,7751.445,478.237
113.90046697,7769.142,481.138
113.90063874,7786.840,483.982
113.90081052,7804.537,486.771
113.90098229,7822.234,489.506
113.90115406,7839.932,492.188
113.90132583,7857.629,494.820
113.90149761,7875.326,497.405
113.90166938,7893.024,499.947
113.90184115,7910.721,502.450
113.90201293,7928.418,504.918
113.90218470,7946.116,507.357
113.90235647,7963.813,509.772
113.90252825,7981.511,512.171
113.90270002,7999.208,514.559
113.90287179,8016.905,516.947
113.90304357,8034.603,519.341
113.90321534,8052.300,521.749
113.90338711,8069.997,524.182
113.90355889,8087.695,526.647
113.90373066,8105.392,529.154
113.90390243,8123.089,531.710
113.90407421,8140.787,534.324
113.90424598,8158.484,537.004
113.90441775,8176.181,539.758
113.90458953,8193.879,542.595
113.90476130,8211.576,545.522
113.90493307,8229.274,548.545
113.90510485,8246.971,551.670
113.90527662,8264.668,554.901
113.90544839,8282.366,558.241
113.90562016,8300.063,561.690
113.90579194,8317.760,565.251
113.90596371,8335.458,568.921
113.90613548,8353.155,572.697
113.90630726,8370.852,576.575
113.90647903,8388.550,580.547
113.90665080,8406.247,584.605
113.90682258,8423.945,588.739
113.90699435,8441.642,592.938
113.90716612,8459.339,597.187
113.90733790,8477.037,601.474
113.90750967,8494.734,605.782
113.90768144,8512.431,610.096
113.90785322,8530.129,614.400
113.90802499,8547.826,618.675
113.90819676,8565.523,622.904
113.90836854,8583.221,627.070
113.90854031,8600.918,631.158
113.90871208,8618.616,635.154
113.90888386,8636.313,639.044
113.90905563,8654.010,642.818
113.90922740,8671.708,646.463
113.90939918,8689.405,649.973
113.90957095,8707.102,653.338
113.90974272,8724.800,656.554
113.90991450,8742.497,659.615
113.91008627,8760.194,662.519
113.91025804,8777.892,665.266
113.91042981,8795.589,667.858
113.91060159,8813.287,670.299
113.91077336,8830.984,672.594
113.91094513,8848.681,674.750
113.91111691,8866.379,676.777
113.91128868,8884.076,678.687
113.91146045,8901.773,680.492
113.91163223,8919.471,682.205
113.91180400,8937.168,683.843
113.91197577,8954.865,685.421
113.91214755,8972.563,686.958
113.91231932,8990.260,688.472
113.91249109,9007.958,689.981
113.91266287,9025.655,691.506
113.91283464,9043.352,693.067
113.91300641,9061.050,694.685
113.91317819,9078.747,696.377
113.91334996,9096.444,698.162
113.91352173,9114.142,700.058
113.91369351,9131.839,702.080
113.91386528,9149.536,704.246
113.91403705,9167.234,706.568
113.91420883,9184.931,709.061
113.91438060,9202.629,711.736
113.91455237,9220.326,714.602
113.91472414,9238.023,717.665
113.91489592,9255.721,720.929
113.91506769,9273.418,724.393
113.91523946,9291.115,728.055
113.91541124,9308.813,731.907
113.91558301,9326.510,735.940
113.91575478,9344.207,740.143
113.91592656,9361.905,744.500
113.91609833,9379.602,748.995
113.91627010,9397.300,753.606
113.91644188,9414.997,758.313
113.91661365,9432.694,763.092
113.91678542,9450.392,767.918
113.91695720,9468.089,772.765
113.91712897,9485.786,777.604
113.91730074,9503.484,782.407
113.91747252,9521.181,787.146
113.91764429,9538.878,791.791
113.91781606,9556.576,796.313
113.91798784,9574.273,800.682
113.91815961,9591.970,804.872
113.91833138,9609.668,808.855
113.91850316,9627.365,812.605
113.91867493,9645.063,816.096
113.91884670,9662.760,819.306
113.91901848,9680.457,822.214
113.91919025,9698.155,824.800
113.91936202,9715.852,827.048
113.91953379,9733.549,828.943
113.91970557,9751.247,830.475
113.91987734,9768.944,831.638
113.92004911,9786.641,832.426
113.92022089,9804.339,832.840
113.92039266,9822.036,832.884
113.92056443,9839.734,832.564
113.92073621,9857.431,831.889
113.92090798,9875.128,830.869
113.92107975,9892.826,829.520
113.92125153,9910.523,827.858
113.92142330,9928.220,825.899
113.92159507,9945.918,823.661
113.92176685,9963.615,821.163
113.92193862,9981.312,818.422
113.92211039,9999.010,815.460
113.92228217,10016.707,812.295
113.92245394,10034.405,808.945
113.92262571,10052.102,805.431
113.92279749,10069.799,801.768
113.92296926,10087.497,797.974
113.92314103,10105.194,794.065
113.92331281,10122.891,790.057
113.92348458,10140.589,785.963
113.92365635,10158.286,781.798
113.92382812,10175.983,777.575
113.92399990,10193.681,773.308
113.92417167,10211.378,769.007
113.92434344,10229.076,764.684
113.92451522,10246.773,760.352
113.92468699,10264.470,756.019
113.92485876,10282.168,751.693
113.92503054,10299.865,747.384
113.92520231,10317.562,743.096
113.92537408,10335.260,738.837
113.92554586,10352.957,734.612
113.92571763,10370.654,730.425
113.92588940,10388.352,726.277
113.92606118,10406.049,722.169
113.92623295,10423.747,718.102
113.92640472,10441.444,714.075
113.92657650,10459.141,710.085
113.92674827,10476.839,706.130
113.92692004,10494.536,702.206
113.92709182,10512.233,698.307
113.92726359,10529.931,694.426
113.92743536,10547.628,690.557
113.92760714,10565.325,686.693
113.92777891,10583.023,682.828
113.92795068,10600.720,678.955
113.92812246,10618.418,675.070
113.92829423,10636.115,671.170
113.92846600,10653.812,667.250
113.92863777,10671.510,663.309
113.92880955,10689.207,659.343
113.92898132,10706.904,655.353
113.92915309,10724.602,651.336
113.92932487,10742.299,647.293
113.92949664,10759.996,643.223
113.92966841,10777.694,639.127
113.92984019,10795.391,635.006
113.93001196,10813.089,630.859
113.93018373,10830.786,626.687
113.93035551,10848.483,622.490
113.93052728,10866.181,618.266
113.93069905,10883.878,614.016
113.93087083,10901.575,609.741
113.93104260,10919.273,605.442
113.93121437,10936.970,601.120
113.93138615,10954.667,596.778
113.93155792,10972.365,592.420
113.93172969,10990.062,588.051
113.93190147,11007.760,583.677
113.93207324,11025.457,579.304
113.93224501,11043.154,574.936
113.93241679,11060.852,570.581
113.93258856,11078.549,566.244
113.93276033,11096.246,561.930
113.93293211,11113.944,557.643
113.93310388,11131.641,553.386
113.93327565,11149.338,549.163
113.93344742,11167.036,544.976
113.93361920,11184.733,540.827
113.93379097,11202.430,536.715
113.93396274,11220.128,532.644
113.93413452,11237.825,528.611
113.93430629,11255.523,524.616
113.93447806,11273.220,520.657
113.93464984,11290.917,516.732
113.93482161,11308.615,512.838
113.93499338,11326.312,508.976
113.93516516,11344.009,505.144
113.93533693,11361.707,501.340
113.93550870,11379.404,497.563
113.93568048,11397.101,493.813
113.93585225,11414.799,490.090
113.93602402,11432.496,486.396
113.93619580,11450.194,482.729
113.93636757,11467.891,479.091
113.93653934,11485.588,475.480
113.93671112,11503.286,471.896
113.93688289,11520.983,468.338
113.93705466,11538.680,464.808
113.93722644,11556.378,461.307
113.93739821,11574.075,457.835
113.93756998,11591.772,454.396
113.93774175,11609.470,450.993
113.93791353,11627.167,447.632
113.93808530,11644.865,444.318
113.93825707,11662.562,441.058
113.93842885,11680.259,437.858
113.93860062,11697.957,434.725
113.93877239,11715.654,431.667
113.93894417,11733.351,428.692
113.93911594,11751.049,425.813
113.93928771,11768.746,423.040
113.93945949,11786.443,420.388
113.93963126,11804.141,417.871
113.93980303,11821.838,415.501
113.93997481,11839.536,413.296
113.94014658,11857.233,411.273
113.94031835,11874.930,409.447
113.94049013,11892.628,407.837
113.94066190,11910.325,406.461
113.94083367,11928.022,405.334
113.94100545,11945.720,404.473
113.94117722,11963.417,403.895
113.94134899,11981.114,403.615
113.94152077,11998.812,403.647
113.94169254,12016.509,404.004
113.94186431,12034.207,404.700
113.94203609,12051.904,405.744
113.94220786,12069.601,407.148
113.94237963,12087.299,408.921
113.94255140,12104.996,411.069
113.94272318,12122.693,413.599
113.94289495,12140.391,416.515
113.94306672,12158.088,419.822
113.94323850,12175.785,423.525
113.94341027,12193.483,427.626
113.94358204,12211.180,432.125
113.94375382,12228.878,437.020
113.94392559,12246.575,442.310
113.94409736,12264.272,447.991
113.94426914,12281.970,454.054
113.94444091,12299.667,460.494
113.94461268,12317.364,467.297
113.94478446,12335.062,474.451
113.94495623,12352.759,481.941
113.94512800,12370.456,489.750
113.94529978,12388.154,497.860
113.94547155,12405.851,506.250
113.94564332,12423.549,514.901
113.94581510,12441.246,523.790
113.94598687,12458.943,532.893
113.94615864,12476.641,542.185
113.94633042,12494.338,551.643
113.94650219,12512.035,561.238
113.94667396,12529.733,570.944
113.94684573,12547.430,580.735
113.94701751,12565.127,590.582
113.94718928,12582.825,600.461
113.94736105,12600.522,610.345
113.94753283,12618.219,620.210
113.94770460,12635.917,630.030
113.94787637,12653.614,639.780
113.94804815,12671.312,649.437
113.94821992,12689.009,658.975
113.94839169,12706.706,668.371
113.94856347,12724.404,677.604
113.94873524,12742.101,686.653
113.94890701,12759.798,695.499
113.94907879,12777.496,704.125
113.94925056,12795.193,712.517
113.94942233,12812.890,720.659
113.94959411,12830.588,728.540
113.94976588,12848.285,736.149
113.94993765,12865.983,743.474
113.95010943,12883.680,750.505
113.95028120,12901.377,757.234
113.95045297,12919.075,763.652
113.95062475,12936.772,769.750
113.95079652,12954.469,775.523
113.95096829,12972.167,780.964
113.95114007,12989.864,786.066
113.95131184,13007.561,790.827
113.95148361,13025.259,795.243
113.95165538,13042.956,799.313
113.95182716,13060.654,803.038
113.95199893,13078.351,806.415
113.95217070,13096.048,809.447
113.95234248,13113.746,812.133
113.95251425,13131.443,814.474
113.95268602,13149.140,816.475
113.95285780,13166.838,818.138
113.95302957,13184.535,819.469
113.95320134,13202.232,820.474
113.95337312,13219.930,821.161
113.95354489,13237.627,821.537
113.95371666,13255.325,821.613
113.95388844,13273.022,821.399
113.95406021,13290.719,820.905
113.95423198,13308.417,820.144
113.95440376,13326.114,819.128
113.95457553,13343.811,817.869
113.95474730,13361.509,816.382
113.95491908,13379.206,814.681
113.95509085,13396.903,812.782
113.95526262,13414.601,810.699
113.95543440,13432.298,808.449
113.95560617,13449.996,806.048
113.95577794,13467.693,803.513
113.95594971,13485.390,800.858
113.95612149,13503.088,798.098
113.95629326,13520.785,795.248
113.95646503,13538.482,792.323
113.95663681,13556.180,789.338
113.95680858,13573.877,786.308
113.95698035,13591.574,783.248
113.95715213,13609.272,780.173
113.95732390,13626.969,777.098
113.95749567,13644.667,774.038
113.95766745,13662.364,771.008
113.95783922,13680.061,768.021
113.95801099,13697.759,765.090
113.95818277,13715.456,762.226
113.95835454,13733.153,759.439
113.95852631,13750.851,756.736
113.95869809,13768.548,754.126
113.95886986,13786.245,751.614
113.95904163,13803.943,749.207
113.95921341,13821.640,746.909
113.95938518,13839.338,744.725
113.95955695,13857.035,742.658
113.95972873,13874.732,740.708
113.95990050,13892.430,738.878
113.96007227,13910.127,737.164
113.96024405,13927.824,735.564
113.96041582,13945.522,734.073
113.96058759,13963.219,732.686
113.96075936,13980.916,731.392
113.96093114,13998.614,730.184
113.96110291,14016.311,729.052
113.96127468,14034.008,727.987
113.96144646,14051.706,726.981
113.96161823,14069.403,726.025
113.96179000,14087.101,725.111
113.96196178,14104.798,724.231
113.96213355,14122.495,723.377
113.96230532,14140.193,722.543
113.96247710,14157.890,721.723
113.96264887,14175.587,720.913
113.96282064,14193.285,720.108
113.96299242,14210.982,719.305
113.96316419,14228.679,718.500
113.96333596,14246.377,717.691
113.96350774,14264.074,716.877
113.96367951,14281.772,716.059
113.96385128,14299.469,715.238
113.96402306,14317.166,714.417
113.96419483,14334.864,713.597
113.96436660,14352.561,712.784
113.96453838,14370.258,711.982
113.96471015,14387.956,711.198
113.96488192,14405.653,710.438
113.96505370,14423.350,709.710
113.96522547,14441.048,709.020
113.96539724,14458.745,708.371
113.96556901,14476.443,707.763
113.96574079,14494.140,707.197
113.96591256,14511.837,706.673
113.96608433,14529.535,706.188
113.96625611,14547.232,705.741
113.96642788,14564.929,705.327
113.96659965,14582.627,704.943
113.96677143,14600.324,704.581
113.96694320,14618.021,704.238
113.96711497,14635.719,703.906
113.96728675,14653.416,703.581
113.96745852,14671.114,703.255
113.96763029,14688.811,702.919
113.96780207,14706.508,702.564
113.96797384,14724.206,702.178
113.96814561,14741.903,701.748
113.96831739,14759.600,701.263
113.96848916,14777.298,700.708
113.96866093,14794.995,700.070
113.96883271,14812.692,699.335
113.96900448,14830.390,698.492
113.96917625,14848.087,697.527
113.96934803,14865.785,696.428
113.96951980,14883.482,695.186
113.96969157,14901.179,693.786
113.96986334,14918.877,692.219
113.97003512,14936.574,690.471
113.97020689,14954.271,688.532
113.97037866,14971.969,686.390
113.97055044,14989.666,684.033
113.97072221,15007.363,681.452
113.97089398,15025.061,678.636
113.97106576,15042.758,675.576
113.97123753,15060.456,672.264
113.97140930,15078.153,668.692
113.97158108,15095.850,664.857
113.97175285,15113.548,660.756
113.97192462,15131.245,656.388
113.97209640,15148.942,651.755
113.97226817,15166.640,646.860
113.97243994,15184.337,641.706
113.97261172,15202.034,636.299
113.97278349,15219.732,630.646
113.97295526,15237.429,624.753
113.97312704,15255.127,618.631
113.97329881,15272.824,612.292
113.97347058,15290.521,605.748
113.97364236,15308.219,599.014
113.97381413,15325.916,592.105
113.97398590,15343.613,585.037
113.97415768,15361.311,577.826
113.97432945,15379.008,570.484
113.97450122,15396.705,563.026
113.97467299,15414.403,555.467
113.97484477,15432.100,547.819
113.97501654,15449.797,540.096
113.97518831,15467.495,532.310
113.97536009,15485.192,524.473
113.97553186,15502.890,516.595
113.97570363,15520.587,508.687
113.97587541,15538.284,500.760
113.97604718,15555.982,492.822
113.97621895,15573.679,484.886
113.97639073,15591.376,476.959
113.97656250,15609.074,469.050
113.97673427,15626.771,461.168
113.97690605,15644.468,453.318
113.97707782,15662.166,445.509
113.97724959,15679.863,437.745
113.97742137,15697.561,430.034
113.97759314,15715.258,422.380
113.97776491,15732.955,414.790
113.97793669,15750.653,407.269
113.97810846,15768.350,399.825
113.97828023,15786.047,392.465
113.97845201,15803.745,385.201
113.97862378,15821.442,378.046
113.97879555,15839.139,371.011
113.97896732,15856.837,364.108
113.97913910,15874.534,357.348
113.97931087,15892.232,350.742
113.97948264,15909.929,344.304
113.97965442,15927.626,338.045
113.97982619,15945.324,331.977
113.97999796,15963.021,326.111
113.98016974,15980.718,320.457
113.98034151,15998.416,315.024
113.98051328,16016.113,309.820
113.98068506,16033.810,304.854
113.98085683,16051.508,300.133
113.98102860,16069.205,295.665
113.98120038,16086.903,291.454
113.98137215,16104.600,287.506
113.98154392,16122.297,283.825
113.98171570,16139.995,280.414
113.98188747,16157.692,277.275
113.98205924,16175.389,274.405
113.98223102,16193.087,271.805
113.98240279,16210.784,269.469
113.98257456,16228.481,267.394
113.98274634,16246.179,265.573
113.98291811,16263.876,264.002
113.98308988,16281.574,262.674
113.98326166,16299.271,261.584
113.98343343,16316.968,260.726
113.98360520,16334.666,260.093
113.98377697,16352.363,259.679
113.98394875,16370.060,259.479
113.98412052,16387.758,259.488
113.98429229,16405.455,259.698
113.98446407,16423.152,260.106
113.98463584,16440.850,260.702
113.98480761,16458.547,261.481
113.98497939,16476.245,262.434
113.98515116,16493.942,263.550
113.98532293,16511.639,264.823
113.98549471,16529.337,266.240
113.98566648,16547.034,267.793
113.98583825,16564.731,269.472
113.98601003,16582.429,271.268
113.98618180,16600.126,273.171
113.98635357,16617.823,275.171
113.98652535,16635.521,277.259
113.98669712,16653.218,279.425
113.98686889,16670.916,281.663
113.98704067,16688.613,283.967
113.98721244,16706.310,286.333
113.98738421,16724.008,288.756
113.98755599,16741.705,291.234
113.98772776,16759.402,293.765
113.98789953,16777.100,296.347
113.98807130,16794.797,298.978
113.98824308,16812.494,301.656
113.98841485,16830.192,304.381
113.98858662,16847.889,307.153
113.98875840,16865.587,309.970
113.98893017,16883.284,312.833
113.98910194,16900.981,315.740
113.98927372,16918.679,318.691
113.98944549,16936.376,321.687
113.98961726,16954.073,324.728
113.98978904,16971.771,327.813
113.98996081,16989.468,330.942
113.99013258,17007.165,334.117
113.99030436,17024.863,337.336
113.99047613,17042.560,340.597
113.99064790,17060.257,343.899
113.99081968,17077.955,347.238
113.99099145,17095.652,350.607
113.99116322,17113.350,354.001
113.99133500,17131.047,357.411
113.99150677,17148.744,360.828
113.99167854,17166.442,364.244
113.99185032,17184.139,367.651
113.99202209,17201.836,371.043
113.99219386,17219.534,374.412
113.99236564,17237.231,377.751
113.99253741,17254.928,381.051
113.99270918,17272.626,384.306
113.99288095,17290.323,387.507
113.99305273,17308.021,390.647
113.99322450,17325.718,393.719
113.99339627,17343.415,396.716
113.99356805,17361.113,399.636
113.99373982,17378.810,402.472
113.99391159,17396.507,405.222
113.99408337,17414.205,407.882
113.99425514,17431.902,410.451
113.99442691,17449.599,412.924
113.99459869,17467.297,415.300
113.99477046,17484.994,417.575
113.99494223,17502.692,419.746
113.99511401,17520.389,421.812
113.99528578,17538.086,423.768
113.99545755,17555.784,425.611
113.99562933,17573.481,427.339
113.99580110,17591.178,428.951
113.99597287,17608.876,430.443
113.99614465,17626.573,431.814
113.99631642,17644.270,433.057
113.99648819,17661.968,434.168
113.99665997,17679.665,435.141
113.99683174,17697.363,435.969
113.99700351,17715.060,436.645
113.99717529,17732.757,437.161
113.99734706,17750.455,437.511
113.99751883,17768.152,437.687
113.99769060,17785.849,437.683
113.99786238,17803.547,437.493
113.99803415,17821.244,437.112
113.99820592,17838.941,436.533
113.99837770,17856.639,435.752
113.99854947,17874.336,434.766
113.99872124,17892.034,433.573
113.99889302,17909.731,432.170
113.99906479,17927.428,430.558
113.99923656,17945.126,428.738
113.99940834,17962.823,426.711
113.99958011,17980.520,424.480
113.99975188,17998.218,422.050
113.99992366,18015.915,419.426
114.00009543,18033.612,416.610
114.00026720,18051.310,413.608
114.00043898,18069.007,410.425
114.00061075,18086.705,407.066
114.00078252,18104.402,403.539
114.00095430,18122.099,399.850
114.00112607,18139.797,396.007
114.00129784,18157.494,392.019
114.00146962,18175.191,387.897
114.00164139,18192.889,383.652
114.00181316,18210.586,379.294
114.00198493,18228.283,374.838
114.00215671,18245.981,370.294
114.00232848,18263.678,365.677
114.00250025,18281.376,360.997
114.00267203,18299.073,356.269
114.00284380,18316.770,351.505
114.00301557,18334.468,346.718
114.00318735,18352.165,341.920
114.00335912,18369.862,337.125
114.00353089,18387.560,332.344
114.00370267,18405.257,327.591
114.00387444,18422.954,322.876
114.00404621,18440.652,318.212
114.00421799,18458.349,313.611
114.00438976,18476.046,309.088
114.00456153,18493.744,304.655
114.00473331,18511.441,300.327
114.00490508,18529.139,296.116
114.00507685,18546.836,292.032
114.00524863,18564.533,288.088
114.00542040,18582.231,284.291
114.00559217,18599.928,280.652
114.00576395,18617.625,277.176
114.00593572,18635.323,273.869
114.00610749,18653.020,270.735
114.00627927,18670.717,267.777
114.00645104,18688.415,264.995
114.00662281,18706.112,262.387
114.00679458,18723.810,259.952
114.00696636,18741.507,257.684
114.00713813,18759.204,255.578
114.00730990,18776.902,253.627
114.00748168,18794.599,251.825
114.00765345,18812.296,250.164
114.00782522,18829.994,248.635
114.00799700,18847.691,247.230
114.00816877,18865.388,245.941
114.00834054,18883.086,244.762
114.00851232,18900.783,243.684
114.00868409,18918.481,242.699
114.00885586,18936.178,241.797
114.00902764,18953.875,240.967
114.00919941,18971.573,240.201
114.00937118,18989.270,239.489
114.00954296,19006.967,238.824
114.00971473,19024.665,238.197
114.00988650,19042.362,237.599
114.01005828,19060.059,237.023
114.01023005,19077.757,236.460
114.01040182,19095.454,235.905
114.01057360,19113.152,235.347
114.01074537,19130.849,234.780
114.01091714,19148.546,234.196
114.01108891,19166.244,233.588
114.01126069,19183.941,232.947
114.01143246,19201.638,232.268
114.01160423,19219.336,231.544
114.01177601,19237.033,230.768
114.01194778,19254.730,229.935
114.01211955,19272.428,229.039
114.01229133,19290.125,228.074
114.01246310,19307.823,227.032
114.01263487,19325.520,225.909
114.01280665,19343.217,224.698
114.01297842,19360.915,223.396
114.01315019,19378.612,221.998
114.01332197,19396.309,220.502
114.01349374,19414.007,218.908
114.01366551,19431.704,217.213
114.01383729,19449.401,215.416
114.01400906,19467.099,213.517
114.01418083,19484.796,211.514
114.01435261,19502.494,209.407
114.01452438,19520.191,207.195
114.01469615,19537.888,204.878
114.01486793,19555.586,202.455
114.01503970,19573.283,199.927
114.01521147,19590.980,197.296
114.01538325,19608.678,194.562
114.01555502,19626.375,191.730
114.01572679,19644.072,188.802
114.01589856,19661.770,185.783
114.01607034,19679.467,182.676
114.01624211,19697.165,179.486
114.01641388,19714.862,176.219
114.01658566,19732.559,172.879
114.01675743,19750.257,169.472
114.01692920,19767.954,166.004
114.01710098,19785.651,162.483
114.01727275,19803.349,158.913
114.01744452,19821.046,155.300
114.01761630,19838.743,151.649
114.01778807,19856.441,147.962
114.01795984,19874.138,144.244
114.01813162,19891.835,140.495
114.01830339,19909.533,136.720
114.01847516,19927.230,132.922
114.01864694,19944.928,129.105
114.01881871,19962.625,125.273
114.01899048,19980.322,121.431
114.01916226,19998.020,117.584
114.01933403,20015.717,113.736
114.01950580,20033.414,109.893
114.01967758,20051.112,106.061
114.01984935,20068.809,102.244
114.02002112,20086.506,98.448
114.02019289,20104.204,94.680
114.02036467,20121.901,90.946
114.02053644,20139.599,87.253
114.02070821,20157.296,83.609
114.02087999,20174.993,80.019
114.02105176,20192.691,76.490
114.02122353,20210.388,73.030
114.02139531,20228.085,69.645
114.02156708,20245.783,66.341
114.02173885,20263.480,63.124
114.02191063,20281.177,60.002
114.02208240,20298.875,56.981
114.02225417,20316.572,54.068
114.02242595,20334.270,51.268
114.02259772,20351.967,48.589
114.02276949,20369.664,46.035
114.02294127,20387.362,43.612
114.02311304,20405.059,41.325
114.02328481,20422.756,39.180
114.02345659,20440.454,37.182
114.02362836,20458.151,35.336
114.02380013,20475.848,33.647
114.02397191,20493.546,32.118
114.02414368,20511.243,30.753
114.02431545,20528.941,29.554
114.02448723,20546.638,28.522
114.02465900,20564.335,27.657
114.02483077,20582.033,26.957
114.02500254,20599.730,26.418
114.02517432,20617.427,26.038
114.02534609,20635.125,25.811
114.02551786,20652.822,25.731
114.02568964,20670.519,25.792
114.02586141,20688.217,25.987
114.02603318,20705.914,26.308
114.02620496,20723.612,26.747
114.02637673,20741.309,27.296
114.02654850,20759.006,27.946
114.02672028,20776.704,28.689
114.02689205,20794.401,29.520
114.02706382,20812.098,30.431
114.02723560,20829.796,31.416
114.02740737,20847.493,32.469
114.02757914,20865.190,33.587
114.02775092,20882.888,34.762
114.02792269,20900.585,35.992
114.02809446,20918.283,37.271
114.02826624,20935.980,38.596
114.02843801,20953.677,39.962
114.02860978,20971.375,41.365
114.02878156,20989.072,42.799
114.02895333,21006.769,44.260
114.02912510,21024.467,45.742
114.02929688,21042.164,47.241
114.02946865,21059.861,48.753
114.02964042,21077.559,50.273
114.02981219,21095.256,51.798
114.02998397,21112.954,53.325
114.03015574,21130.651,54.853
114.03032751,21148.348,56.379
114.03049929,21166.046,57.904
114.03067106,21183.743,59.430
114.03084283,21201.440,60.959
114.03101461,21219.138,62.493
114.03118638,21236.835,64.038
114.03135815,21254.532,65.598
114.03152993,21272.230,67.176
114.03170170,21289.927,68.778
114.03187347,21307.624,70.408
114.03204525,21325.322,72.069
114.03221702,21343.019,73.763
114.03238879,21360.717,75.493
114.03256057,21378.414,77.262
114.03273234,21396.111,79.068
114.03290411,21413.809,80.913
114.03307589,21431.506,82.797
114.03324766,21449.203,84.717
114.03341943,21466.901,86.672
114.03359121,21484.598,88.659
114.03376298,21502.295,90.675
114.03393475,21519.993,92.716
114.03410652,21537.690,94.777
114.03427830,21555.388,96.853
114.03445007,21573.085,98.939
114.03462184,21590.782,101.029
114.03479362,21608.480,103.114
114.03496539,21626.177,105.189
114.03513716,21643.874,107.244
114.03530894,21661.572,109.271
114.03548071,21679.269,111.264
114.03565248,21696.966,113.214
114.03582426,21714.664,115.113
114.03599603,21732.361,116.953
114.03616780,21750.059,118.725
114.03633958,21767.756,120.418
114.03651135,21785.453,122.023
114.03668312,21803.151,123.530
114.03685490,21820.848,124.929
114.03702667,21838.545,126.210
114.03719844,21856.243,127.367
114.03737022,21873.940,128.390
114.03754199,21891.637,129.273
114.03771376,21909.335,130.009
114.03788554,21927.032,130.595
114.03805731,21944.730,131.026
114.03822908,21962.427,131.298
114.03840086,21980.124,131.410
114.03857263,21997.822,131.360
114.03874440,22015.519,131.145
114.03891617,22033.216,130.767
114.03908795,22050.914,130.223
114.03925972,22068.611,129.516
114.03943149,22086.308,128.647
114.03960327,22104.006,127.616
114.03977504,22121.703,126.425
114.03994681,22139.401,125.075
114.04011859,22157.098,123.569
114.04029036,22174.795,121.910
114.04046213,22192.493,120.102
114.04063391,22210.190,118.150
114.04080568,22227.887,116.058
114.04097745,22245.585,113.833
114.04114923,22263.282,111.481
114.04132100,22280.979,109.010
114.04149277,22298.677,106.426
114.04166455,22316.374,103.738
114.04183632,22334.072,100.955
114.04200809,22351.769,98.088
114.04217987,22369.466,95.146
114.04235164,22387.164,92.140
114.04252341,22404.861,89.081
114.04269519,22422.558,85.981
114.04286696,22440.256,82.850
114.04303873,22457.953,79.698
114.04321050,22475.650,76.537
114.04338228,22493.348,73.374
114.04355405,22511.045,70.218
114.04372582,22528.743,67.078
114.04389760,22546.440,63.959
114.04406937,22564.137,60.869
114.04424114,22581.835,57.815
114.04441292,22599.532,54.800
114.04458469,22617.229,51.831
114.04475646,22634.927,48.911
114.04492824,22652.624,46.045
114.04510001,22670.321,43.239
114.04527178,22688.019,40.497
114.04544356,22705.716,37.823
114.04561533,22723.414,35.222
114.04578710,22741.111,32.699
114.04595888,22758.808,30.258
114.04613065,22776.506,27.905
114.04630242,22794.203,25.642
114.04647420,22811.900,23.474
114.04664597,22829.598,21.405
114.04681774,22847.295,19.437
114.04698952,22864.992,17.573
114.04716129,22882.690,15.815
114.04733306,22900.387,14.164
114.04750484,22918.084,12.619
114.04767661,22935.782,11.181
114.04784838,22953.479,9.850
114.04802015,22971.177,8.623
114.04819193,22988.874,7.500
114.04836370,23006.571,6.478
114.04853547,23024.269,5.552
114.04870725,23041.966,4.718
114.04887902,23059.663,3.973
114.04905079,23077.361,3.311
114.04922257,23095.058,2.727
114.04939434,23112.755,2.218
114.04956611,23130.453,1.777
114.04973789,23148.150,1.402
114.04990966,23165.848,1.086
114.05008143,23183.545,0.826
114.05025321,23201.242,0.614
114.05042498,23218.940,0.445
114.05059675,23236.637,0.314
114.05076853,23254.334,0.215
114.05094030,23272.032,0.143
114.05111207,23289.729,0.091
114.05128385,23307.426,0.056
114.05145562,23325.124,0.033
114.05162739,23342.821,0.018
114.05179917,23360.519,0.009
114.05197094,23378.216,0.005
114.05214271,23395.913,0.003
114.05231448,23413.611,0.002
114.05248626,23431.308,0.001
114.05265803,23449.005,0.001
114.05282980,23466.703,0.001
114.05300158,23484.400,0.000
114.05317335,23502.097,0.000
114.05334512,23519.795,0.000
114.05351690,23537.492,0.000
114.05368867,23555.190,0.000
114.05386044,23572.887,0.000
114.05403222,23590.584,0.000
114.05420399,23608.282,0.000
114.05437576,23625.979,0.000
114.05454754,23643.676,0.000
114.05471931,23661.374,0.000
114.05489108,23679.071,0.000
