uid,name,modelId,researchPriority,diagnosticFamilies,targetCoverage,missingInteriorAreaM2,missingBoundaryAreaM2,originalExtentM,overlapM2
landsd/295538:0,PopCorn 1,B447991877202063C0,0,"['missing-interior-area', 'source-authored-extra-extent-role-unresolved']",0.9388683657490334,2006.8062482691096,178.083354424377,23.19796409023788,0.00423800724480913
landsd/157125:0,B365112054601063C0,B365112054601063C0,0,['missing-interior-area'],0.8669879867787995,34.27037048339897,2.6635148324340587,0.10811454862307252,0.0
landsd/95691:0,King Cheung House,B308003946801063C0,1,['source-authored-extra-extent-role-unresolved'],1.0000000000000004,0.0,0.0,17.664925126306997,0.0
landsd/240332:0,MONGKOK STADIUM,B358362083101063C0,1,['source-authored-extra-extent-role-unresolved'],0.9999999999999994,9.615034557416313e-13,0.0,12.87145242103884,0.0
landsd/95643:0,Ching Cheung House,B307603950901063C0,1,['source-authored-extra-extent-role-unresolved'],0.9999999999999992,1.43562939314279e-12,0.0,10.190561571453792,0.0
landsd/311317:0,Queen Elizabeth Hospital Ambulatory Care Centre Extension,B361581883001063C0,1,['source-authored-extra-extent-role-unresolved'],0.9999982016566922,0.004340836589978755,2.1783156005692386e-13,16.992119189944756,0.2791308138413049
landsd/14395:0,B295312549302063C0,B295312549302063C0,1,['source-authored-extra-extent-role-unresolved'],0.9997854491324782,0.005050944042761892,2.1126072223049386,11.605524107627783,0.0
landsd/173512:0,Youth Square,B424281381401063C0,1,['source-authored-extra-extent-role-unresolved'],0.9997593118458972,0.0,0.692528130859513,13.308601376486575,0.0
landsd/337816:0,Cha Kwo Ling Promenade Landscaped Deck,B411001850202063C0,1,['source-authored-extra-extent-role-unresolved'],0.9996712541924976,0.028666962385420595,2.8091507093948715,13.983546766508235,0.7710891543229668
landsd/323185:0,Plaza Hollywood,B388342241501063C0,1,['source-authored-extra-extent-role-unresolved'],0.9991562371987285,0.005101433587181433,13.926879995004683,17.28538092318758,0.15108540644065377
landsd/263423:0,KAI TAK CRUISE TERMINAL,B399541863802063C0,1,['source-authored-extra-extent-role-unresolved'],0.9989186645877084,0.004725982612264398,52.550981862362214,15.25008629404535,0.0
landsd/238803:0,B342782079901063C0,B342782079901063C0,1,['source-authored-extra-extent-role-unresolved'],0.9989096488869329,0.0,1.7348558700072214,18.892506460683084,0.0
landsd/72354:0,Olympian City One,B344151985202063C0,1,['source-authored-extra-extent-role-unresolved'],0.9976791391292296,31.003874717627394,12.769064699590237,14.132055630299883,0.0
landsd/285475:0,Central Pier No.7,B346531646401063C0,1,['source-authored-extra-extent-role-unresolved'],0.9972133119628597,0.0,5.931318418198733,13.46065150307601,0.0
landsd/227948:0,B378431872402063C0,B378431872402063C0,1,['source-authored-extra-extent-role-unresolved'],0.9971131538451554,0.025389868500340397,19.86539758853519,11.547758146199923,0.0
landsd/91306:0,EVANGEL COLLEGE,B450731835301063C0,1,['source-authored-extra-extent-role-unresolved'],0.9959329813510273,1.2187505634800844,19.88511883455508,13.844236623651296,0.0
landsd/17633:0,Ching Chung House,B312303936501063C0,1,['source-authored-extra-extent-role-unresolved'],0.995203007471593,8.862381696650332e-09,6.297426833551714,16.347810494313908,0.0
landsd/232896:0,B379251464702063C0,B379251464702063C0,1,['source-authored-extra-extent-role-unresolved'],0.9927953349294631,1.8902191340901653,119.46780775047772,10.04176667322533,0.002691643377835434
landsd/147589:0,Fu Yuet House,B340472097901063C0,1,['source-authored-extra-extent-role-unresolved'],0.9920907573919164,0.001173197108217481,12.341406565275829,14.13388506668872,0.0
landsd/323546:0,B361601749602063C0,B361601749602063C0,1,['source-authored-extra-extent-role-unresolved'],0.9917454464813187,0.47114245226865625,50.768173047213104,14.65822917485583,0.2097866667438983
landsd/289787:0,Mount Sterling Mall,B323332207602063C0,1,['source-authored-extra-extent-role-unresolved'],0.987056871069466,0.29677153621403785,111.30160715224403,17.371559558046144,0.5650940278643277
landsd/235568:0,B353811902602063C0,B353811902602063C0,1,['source-authored-extra-extent-role-unresolved'],0.9827784281877217,0.05570506794438176,138.22598215559054,13.725349893984609,0.009405639054495263
landsd/231645:0,LIPPO SUN PLAZA,B355141753102063C0,2,['overlapping-source-surface-ownership-unresolved'],0.9990319624243573,0.04796888176253029,5.906610300694085,3.069195476911252,4.390447707226075
landsd/20270:0,Island Industrial Building,B348962051701063C0,2,['overlapping-source-surface-ownership-unresolved'],0.9984448586207689,0.0003463627581334741,0.5638542214334232,0.4134087443101854,3.156936619404684
landsd/193086:0,B333392151502063C0,B333392151502063C0,2,['overlapping-source-surface-ownership-unresolved'],0.9950828342492904,0.39698734868518915,63.88994892059084,6.107204350016581,1.1524861039082837
landsd/72296:0,LEE KONG COMMERCIAL BUILDING,B355751853202063C0,2,['overlapping-source-surface-ownership-unresolved'],0.9944179632039493,6.67572022271959e-05,0.6462226603918808,2.3370257343512737,4.090479095331024
landsd/266062:0,MAN FUK HOUSE (BLK A),B364461960802063C0,2,['overlapping-source-surface-ownership-unresolved'],0.9856792868837965,0.09258435840410895,223.03007527503385,1.8632758970704888,1.7842641426851926
landsd/89917:0,B216233340102062G0,B216233340102062G0,2,['overlapping-source-surface-ownership-unresolved'],0.973969086148232,0.1052315914482459,135.86718521717103,5.687375000001338,1.6568904295790334
landsd/120104:0,Siu Ho Wan Depot,B162761882001063C0,3,['bounds-pass-other-identity-contract-unresolved'],0.9923034067326767,3.8271190851932173e-13,229.04223763594754,4.881293809022291,0.0
landsd/233227:0,HARBOURFRONT HORIZON ALL-SUITE HOTEL,B370971793102063C0,3,['bounds-pass-other-identity-contract-unresolved'],0.9808552380319345,13.940357545186316,164.2037338049627,9.12763294170644,0.0
landsd/75643:0,,B227511866801062G0,4,"['source-authored-extra-extent-role-unresolved', 'overlapping-source-surface-ownership-unresolved']",1.0000000000000002,0.0,0.0,55.43392708441278,46.3149999999975
landsd/75642:0,,B227131868001062G0,4,['source-authored-extra-extent-role-unresolved'],1.0,0.0,0.0,73.3951724332059,0.5558341282573294
landsd/335494:0,,B344081637301063C0,4,['source-authored-extra-extent-role-unresolved'],0.9999999999999998,0.0,0.0,38.902252903912895,0.0
landsd/79772:0,Liberte Block 8,B333392178701063C0,4,"['source-authored-extra-extent-role-unresolved', 'overlapping-source-surface-ownership-unresolved']",0.9999999999999991,4.3186495453743237e-13,0.0,18.38579288316496,774.8587068041633
landsd/61216:0,Murray House,B396560883001063C0,4,['source-authored-extra-extent-role-unresolved'],0.9999999999999897,1.3622235846917483e-11,0.0,28.879739362227415,0.0
landsd/165054:0,HONG KONG HERITAGE MUSEUM,B371252646701063C0,4,"['source-authored-extra-extent-role-unresolved', 'overlapping-source-surface-ownership-unresolved']",0.9999993081366743,0.0031117699489303374,0.0040998501553551865,13.043940695151763,250.45839435161656
landsd/81242:0,Olympic Station,B345551986601063C0,4,['source-authored-extra-extent-role-unresolved'],0.9999766707803465,0.03913315511619272,0.10844329709533795,31.229618070271865,0.0
landsd/182397:0,West Kowloon Government Offices North Tower,B348411932301063C0,4,"['source-authored-extra-extent-role-unresolved', 'overlapping-source-surface-ownership-unresolved']",0.9999643913118739,0.08780993141341338,1.4207810918847073e-13,40.31693378096911,23.194573825767613
landsd/77435:0,Liberte Block 7,B333742179301063C0,4,"['source-authored-extra-extent-role-unresolved', 'overlapping-source-surface-ownership-unresolved']",0.9999179098296971,2.3107054678144405e-05,0.04071269985055678,21.946407955064952,936.9168957332141
landsd/233901:0,,B367981548502063C0,4,"['source-authored-extra-extent-role-unresolved', 'overlapping-source-surface-ownership-unresolved']",0.9998738301340339,0.016405118794132523,0.8733094756180194,26.671394385040763,12.711168723117925
landsd/265269:0,,B109882541501063C0,4,"['source-authored-extra-extent-role-unresolved', 'overlapping-source-surface-ownership-unresolved']",0.9998674977972112,1.251384152174333,0.00746359017017839,24.763521953777097,174.37803857921688
landsd/232561:0,HONG KONG - MACAU FERRY TERMINAL,B337181666002063C0,4,"['source-authored-extra-extent-role-unresolved', 'overlapping-source-surface-ownership-unresolved']",0.9998545325184675,0.0,1.0007545855667739,57.5033272384757,294.8330854034271
landsd/107382:0,Long Ping Station,B207143425301063C0,4,"['source-authored-extra-extent-role-unresolved', 'overlapping-source-surface-ownership-unresolved']",0.9997926572386363,2.9116757561866574e-22,1.7083991150379951,29.680744392895587,372.19426911190203
landsd/244686:0,B376732047302063C0,B376732047302063C0,4,['overlapping-source-surface-ownership-unresolved'],0.9997685007239318,0.06693517773699308,2.345460862317005,4.342623063306829,50.67047188835818
landsd/82291:0,B375921921402063C0,B375921921402063C0,4,"['source-authored-extra-extent-role-unresolved', 'overlapping-source-surface-ownership-unresolved']",0.999765270410215,3.168264376220128e-12,0.38509220129872684,11.60380998700796,8.710906652608337
landsd/191896:0,Tuen Mun Hospital Special Block,B156632989901063C0,4,['overlapping-source-surface-ownership-unresolved'],0.9997228684437492,0.0006685088078882996,1.4364465284767864,5.635320736006471,11.6316639173617
landsd/162768:0,Passenger Clearance Building,B130291991401063C1,4,"['source-authored-extra-extent-role-unresolved', 'overlapping-source-surface-ownership-unresolved']",0.9996598891153888,0.56859161697699,11.305236547538666,103.38885258696942,26852.97870835184
landsd/189427:0,Yoho Mall I,B219423400602063C0,4,"['source-authored-extra-extent-role-unresolved', 'overlapping-source-surface-ownership-unresolved']",0.9994631034987187,0.009947472213306725,15.913974572398622,12.700510584905464,23.451638172759235
landsd/285139:0,The Arcade Cyberport,B314151355701063C0,4,"['source-authored-extra-extent-role-unresolved', 'overlapping-source-surface-ownership-unresolved']",0.9994480960151039,0.009193380420777131,4.885299863991013,38.74774741859996,684.3018667980513
landsd/259378:0,Harbour Plaza Metropolis,B369271804901063C0,4,"['source-authored-extra-extent-role-unresolved', 'overlapping-source-surface-ownership-unresolved']",0.9994258378777611,0.0,2.0796293492272238,23.36677497567593,1086.8996378344712
landsd/296793:0,Sham Shui Po Leisure And Cultural Building,B334072127001063C0,4,"['source-authored-extra-extent-role-unresolved', 'overlapping-source-surface-ownership-unresolved']",0.999360612646164,2.2420590143396946,1.4213853420648992,44.22654471176479,74.6222182598972
landsd/4759:0,Hong Kong Museum of History,B363231808901063C0,4,"['source-authored-extra-extent-role-unresolved', 'overlapping-source-surface-ownership-unresolved']",0.9992787334371057,0.13957863431997003,5.071002482005233,10.192513620996444,252.5783938966693
landsd/50662:0,Fu Wong House,B339882111101063C0,4,['source-authored-extra-extent-role-unresolved'],0.9990787783636722,0.00015645864352020378,1.4210568647625437,28.800159503330644,0.0
landsd/268867:0,Nam Cheong Place,B340212092102063C0,4,"['source-authored-extra-extent-role-unresolved', 'overlapping-source-surface-ownership-unresolved']",0.9989811184051937,0.037762113634974954,5.9303490760242,48.41831542133178,16.423518400507817
landsd/296699:0,HONG KONG - MACAU FERRY TERMINAL,B336951676801063C0,4,"['source-authored-extra-extent-role-unresolved', 'overlapping-source-surface-ownership-unresolved']",0.9988902213169226,0.0003207360998916475,3.867520413779712,21.053159773315183,30.634731000000098
landsd/289067:0,Yoho Mall I,B218653379702063C0,4,['overlapping-source-surface-ownership-unresolved'],0.9986821851152607,0.00042814207939389023,29.761098989699335,7.953856685128986,214.38313360878374
landsd/84014:0,B346602012702063C0,B346602012702063C0,4,['overlapping-source-surface-ownership-unresolved'],0.9985292092272079,0.0019938905601901624,2.1585518417307,3.082736822343186,20.824579496753515
landsd/98845:0,Nob Hill Square,B321352250102063C0,4,['overlapping-source-surface-ownership-unresolved'],0.9985140461801157,0.16603133313579815,9.377275531342118,2.035001033792199,34.25568089126775
landsd/226296:0,WEST KOWLOON DISCIPLINED SERVICES QUARTERS,B344812051802063C0,4,"['source-authored-extra-extent-role-unresolved', 'overlapping-source-surface-ownership-unresolved']",0.9984664055685307,0.005746992010819284,6.846132984390619,13.508710844334644,234.63155147499467
landsd/205767:0,Ocean Terminal,B353581737001063C0,4,"['source-authored-extra-extent-role-unresolved', 'overlapping-source-surface-ownership-unresolved']",0.9983942464677986,1.8596823521450803e-05,36.64884072645205,21.760532874959623,172.66688677199187
landsd/301636:0,,B216933408902063C0,4,"['source-authored-extra-extent-role-unresolved', 'overlapping-source-surface-ownership-unresolved']",0.9980630270928094,4.393031828164719e-06,36.35992744878087,32.29226246629936,1.8890863346202922
landsd/113010:0,B332981480202063C0,B332981480202063C0,4,"['source-authored-extra-extent-role-unresolved', 'overlapping-source-surface-ownership-unresolved']",0.9980626224807375,0.007239086059668917,13.216584650392276,14.351834083826079,378.5185372754742
landsd/236354:0,Hong Kong Disneyland Hotel,B225861878301063C1,4,"['source-authored-extra-extent-role-unresolved', 'overlapping-source-surface-ownership-unresolved']",0.998046699514489,0.7809663708180659,26.142212414460026,27.742768665821465,995.6146754141297
landsd/93424:0,The Grand Aquarium,B360321188401063C0,4,"['source-authored-extra-extent-role-unresolved', 'overlapping-source-surface-ownership-unresolved']",0.9976274245403548,0.17928378915590873,9.337368955559398,15.889090712346635,11.231685859390623
landsd/63443:0,Austin Station,B352431829002063C0,4,['source-authored-extra-extent-role-unresolved'],0.9975650646924283,2.5010089617384357,11.169112539612508,59.51394329339217,0.20576128343069117
landsd/258562:0,B411763112002062G0,B411763112002062G0,4,"['source-authored-extra-extent-role-unresolved', 'overlapping-source-surface-ownership-unresolved']",0.9974918763884362,3.874476003702326,52.80597213434401,12.288243792137276,1385.2675304863587
landsd/165889:0,MIU FAT BUDDHIST MONASTERY COMPLEX BLOCK,B164163115502063C0,4,"['source-authored-extra-extent-role-unresolved', 'overlapping-source-surface-ownership-unresolved']",0.9972124853883417,1.3711517977634078e-11,7.014335238455149,26.852237211394918,40.00843538561414
landsd/53799:0,Tung Cheong House,B339111143901063C0,4,['overlapping-source-surface-ownership-unresolved'],0.9971014098179356,0.036435568009967556,4.201374140001631,2.8811325778532666,48.029433545244494
landsd/258411:0,PLAZA ASCOT,B389132909502063C0,4,"['source-authored-extra-extent-role-unresolved', 'overlapping-source-surface-ownership-unresolved']",0.9969007559426627,0.024220393563612275,198.75344381040344,17.224125846945245,377.9211608933874
landsd/304557:0,,B401951572602063C0,4,['overlapping-source-surface-ownership-unresolved'],0.9967031349903827,1.5640221529854372,151.01182668357092,6.996661078686125,32.652827392096064
landsd/236418:0,LAI CHI KOK PARK SWIMMING POOL,B321792234702063C0,4,['overlapping-source-surface-ownership-unresolved'],0.9966275465011667,14.797927857181786,18.18496867322709,2.998010795007392,32.92440432965108
landsd/283036:0,The Pacifica Mall,B334732175502063C0,4,['overlapping-source-surface-ownership-unresolved'],0.9961034584246522,0.8041697827215656,38.794802757153825,8.886618610552038,2064.622407265964
landsd/139132:0,Fook Yat House,B338822187101063C0,4,['source-authored-extra-extent-role-unresolved'],0.9961002831002154,9.533828423670256e-05,5.767997686661606,24.07302816432228,0.0
landsd/292155:0,B351151087302063C0,B351151087302063C0,4,"['source-authored-extra-extent-role-unresolved', 'overlapping-source-surface-ownership-unresolved']",0.9960964978043161,0.0016730474053747836,31.457480007508032,12.752917850392805,226.13421841130133
landsd/158003:0,Ever Court,B357132066201063C0,4,['overlapping-source-surface-ownership-unresolved'],0.9959810689651876,2.845277843537569e-13,0.7740514524383347,4.85037246109549,6.336767471841784
landsd/336430:0,Kowloon Park Administration Building,B355991810301063C0,4,['overlapping-source-surface-ownership-unresolved'],0.9958330435701825,1.9563060343516356,33.984031502600644,8.144575318862657,66.4649010375479
landsd/14982:0,Leung King Plaza,B142252969001063C0,4,['overlapping-source-surface-ownership-unresolved'],0.9954046930512163,0.05245576968007345,58.61896311546557,4.14858787296841,163.48304593286116
landsd/255940:0,OLYMPIAN CITY 1,B343231996701063C0,4,"['source-authored-extra-extent-role-unresolved', 'overlapping-source-surface-ownership-unresolved']",0.9953444355984622,1.1127336791469378e-05,14.346184061754975,10.837205270711841,131.7441147499263
landsd/238671:0,Parc Palais Block 2,B362741895801063C0,4,['overlapping-source-surface-ownership-unresolved'],0.995326444368808,0.0,2.355837304534797,2.6987684868326483,138.72030225474847
landsd/315025:0,The Southside,B353331200602063C0,4,['overlapping-source-surface-ownership-unresolved'],0.9949320607951548,5.723217989240805,295.2912409841284,5.088083879624874,26.197131401667598
landsd/51275:0,Fu Loy House,B339112110701063C0,4,['source-authored-extra-extent-role-unresolved'],0.9944758535510365,0.009707158627934453,8.545515413952964,21.85448128390316,0.0
landsd/277890:0,B368711898502063C0,B368711898502063C0,4,"['source-authored-extra-extent-role-unresolved', 'overlapping-source-surface-ownership-unresolved']",0.9929336496304828,0.084040432159787,89.7884376377858,29.961299913714367,1252.4778042086662
landsd/106413:0,Tai Kwei Building,B346442034301063C0,4,['overlapping-source-surface-ownership-unresolved'],0.9927264196944684,0.0,6.557774327964852,4.490118929743514,8.589012442998445
landsd/265301:0,RESERVED CARPARK,B426161532902063C0,4,['overlapping-source-surface-ownership-unresolved'],0.9926940789664327,0.15049396815808555,387.4201116117563,2.32757187610618,162.45778438794684
landsd/304725:0,B369711266401063C0,B369711266401063C0,4,['overlapping-source-surface-ownership-unresolved'],0.992672001881669,0.00403988170652143,10.536736617736812,8.057956573755408,43.73167032933868
landsd/290803:0,,B155912804902062G0,4,"['source-authored-extra-extent-role-unresolved', 'overlapping-source-surface-ownership-unresolved']",0.9924143066144782,0.7716840855946194,200.73515740829737,16.436128770700382,71.39916852611823
landsd/236138:0,City University of Hong Kong Yeung Kin Man Academic Building,B358792191201063C1,4,['overlapping-source-surface-ownership-unresolved'],0.9921815465435986,98.22923192192931,42.87311887322042,5.843731473954482,117.3278587476234
landsd/97301:0,Tung Ping House,B342731144601063C0,4,['overlapping-source-surface-ownership-unresolved'],0.9920111641325613,0.20353957433732298,11.725561791049044,2.6846854686474306,43.14571969784016
landsd/258419:0,GREENFIELD SHOPPING ARCADE,B291912365902062G0,4,"['source-authored-extra-extent-role-unresolved', 'overlapping-source-surface-ownership-unresolved']",0.9917974960182395,0.013326109182032456,134.6200866245859,10.920220201534796,148.73151406863434
landsd/281463:0,LAI CHI KOK PARK SPORTS CENTRE,B321562211902063C0,4,"['source-authored-extra-extent-role-unresolved', 'overlapping-source-surface-ownership-unresolved']",0.9914990153154285,0.006191561905727783,174.7837523008206,13.678215821966173,3.302696388277818
landsd/309823:0,,B451992201301063C0,4,"['source-authored-extra-extent-role-unresolved', 'overlapping-source-surface-ownership-unresolved']",0.9912582745390818,0.12294521379163831,306.9338366660494,22.78577292818005,887.7385814913985
landsd/210032:0,Star Ferry Pier,B354191720501063C0,4,"['source-authored-extra-extent-role-unresolved', 'overlapping-source-surface-ownership-unresolved']",0.9909385140356579,0.0016737338965591153,29.182745392340205,80.13418021633721,804.6389441085515
landsd/43101:0,,B456572683001063C0,4,"['source-authored-extra-extent-role-unresolved', 'overlapping-source-surface-ownership-unresolved']",0.9897487747198207,8.552924433011157e-13,0.3226979566748927,34.13763262603053,24.184901578969967
landsd/60281:0,Yoho Town Block 5,B219013353601063C0,4,"['source-authored-extra-extent-role-unresolved', 'overlapping-source-surface-ownership-unresolved']",0.9897413216354787,0.0004422607496098267,4.373035483773229,20.113444594484502,377.2123112085874
landsd/151402:0,Fu Shin Sports Centre,B359843493601063C0,4,"['source-authored-extra-extent-role-unresolved', 'overlapping-source-surface-ownership-unresolved']",0.9897109989462939,0.005134582582810678,74.926968421999,22.631432902330573,454.8153136473446
landsd/53800:0,Tung Sing House,B341731141601063C0,4,['overlapping-source-surface-ownership-unresolved'],0.9897068746011274,0.007520467814139095,14.850161958858035,2.2974791982507314,20.5832412055401
landsd/181489:0,Fu Ying House,B340052101101063C0,4,"['source-authored-extra-extent-role-unresolved', 'overlapping-source-surface-ownership-unresolved']",0.9874779009358223,0.012984483076177496,19.557413824242456,36.100027115435445,17.270630037449042
landsd/56054:0,Sheung Shui Slaughter House,B301584154301063C0,4,"['source-authored-extra-extent-role-unresolved', 'overlapping-source-surface-ownership-unresolved']",0.986783317426819,265.3552993092329,11.72250256122902,12.66889920589415,914.8016853257417
landsd/109491:0,2 & 3 Garden Terrace Block 2,B339491523001063C0,4,"['source-authored-extra-extent-role-unresolved', 'overlapping-source-surface-ownership-unresolved']",0.9861124668752264,0.0,7.363644773355937,18.452149732923647,25.53484553567646
landsd/21662:0,B323912225002063C0,B323912225002063C0,4,"['source-authored-extra-extent-role-unresolved', 'overlapping-source-surface-ownership-unresolved']",0.9837713376134922,121.72123354733642,87.65897888177535,12.374610229363705,646.8356676201118
landsd/235034:0,THE WESTWOOD,B317791624002063C0,4,['source-authored-extra-extent-role-unresolved'],0.9827982669092922,0.021847949931873757,376.9091213738363,24.202401866469838,0.6518648905362108
landsd/275446:0,,B384612039102062G1,4,"['source-authored-extra-extent-role-unresolved', 'overlapping-source-surface-ownership-unresolved']",0.9812294569511638,18.997886668039627,3144.596523949697,11.514809689076568,14.06482452037884
landsd/305600:0,The Hong Kong Polytechnic University Lee Shau Kee Building,B366771855901063C0,4,['overlapping-source-surface-ownership-unresolved'],0.9800231349884995,1.4305114746315795e-05,44.226853443906485,3.318079385091347,158.43923900891997
landsd/244683:0,B338822106702063C0,B338822106702063C0,4,"['source-authored-extra-extent-role-unresolved', 'overlapping-source-surface-ownership-unresolved']",0.979444036367393,0.006881655885485172,113.96934178386346,11.718101636606077,5.520380115392207
landsd/99482:0,Lookout Tower,B365943453301063C0,4,"['source-authored-extra-extent-role-unresolved', 'overlapping-source-surface-ownership-unresolved']",0.9726032134000439,3.907355293695962,1.9837414281122492,58.18634243989827,1.6216305393574493
landsd/239351:0,OLYMPIAN CITY 2,B348241969002063C0,4,"['source-authored-extra-extent-role-unresolved', 'overlapping-source-surface-ownership-unresolved']",0.9681384818542941,0.04901313783363542,419.41062648382217,10.385816856586723,2050.5352043675716
landsd/56771:0,Yoho Town Block 6,B218993350001063C0,4,"['source-authored-extra-extent-role-unresolved', 'overlapping-source-surface-ownership-unresolved']",0.9653232494033227,0.024914235369880855,16.319992739026713,21.266496748077653,379.77265016728256
landsd/305582:0,The Hong Kong Polytechnic University Sports Centre,B365931850802063C0,4,['overlapping-source-surface-ownership-unresolved'],0.9565298306960666,3.0595026367307264e-12,169.68931222522681,8.388685951679756,63.87802310890813
landsd/146396:0,Yoho Town Block 8,B217913364901063C0,4,['overlapping-source-surface-ownership-unresolved'],0.9516744196847922,0.00010447988936590491,21.195955879089798,2.1410687818759926,8.87882154937072
landsd/122702:0,Yoho Town Block 3,B219003357501063C0,4,['overlapping-source-surface-ownership-unresolved'],0.9505900379129038,3.633366644612389,18.347558450997116,1.8733685769747088,58.2113568790862
landsd/234188:0,OCEAN CENTRE,B354001745102063C0,4,"['missing-outer-boundary-or-components', 'overlapping-source-surface-ownership-unresolved']",0.9466987585389237,2.5720351032341218,479.9729990073345,6.005942001977384,26.45729825958601
landsd/263644:0,The High Court,B348861552501063C0,4,"['missing-outer-boundary-or-components', 'source-authored-extra-extent-role-unresolved', 'overlapping-source-surface-ownership-unresolved']",0.9454497161999285,0.01968133285633484,167.3411276134152,12.2789055264428,199.5528290264573
landsd/32067:0,Beverly Garden Block 5,B450401899901063C0,4,['missing-outer-boundary-or-components'],0.9429481701330155,8.5818227466301,27.037448773415566,6.196975137731714,0.0
landsd/58849:0,Yoho Town Block 1,B219013365201063C0,4,"['missing-outer-boundary-or-components', 'overlapping-source-surface-ownership-unresolved']",0.9417799949747604,2.4610028744748904,23.65267424344619,2.898587321769972,68.27326279567451
landsd/173532:0,Elegant Garden Block 2,B322851642001063C0,4,"['missing-outer-boundary-or-components', 'overlapping-source-surface-ownership-unresolved']",0.9406435202622998,0.0,18.40297990700858,1.3114304221058457,20.51709225760214
landsd/61738:0,Yoho Town Block 2,B218993361301063C0,4,"['missing-outer-boundary-or-components', 'source-authored-extra-extent-role-unresolved', 'overlapping-source-surface-ownership-unresolved']",0.940415208115941,3.179540825846691,23.477264968505942,20.293688116178867,374.64485132788104
landsd/96672:0,Long Ping Commercial Centre,B204493454701063C0,4,"['missing-outer-boundary-or-components', 'source-authored-extra-extent-role-unresolved', 'overlapping-source-surface-ownership-unresolved']",0.9307372474183838,0.006149761816145682,439.0978954747265,36.997856690893805,1307.319981832025
landsd/259803:0,B428451455802063C0,B428451455802063C0,4,['missing-outer-boundary-or-components'],0.9231959406856559,0.01521371613802687,464.21522839293056,6.647314858958648,0.0
landsd/315414:0,Lamma Power Station Building,B290620881301063C0,4,"['missing-outer-boundary-or-components', 'overlapping-source-surface-ownership-unresolved']",0.9215670645132615,1.429330412191296,2937.5499026822404,5.24108329724233,86.79749022151952
landsd/313117:0,,B336132128602063C0,4,"['missing-outer-boundary-or-components', 'source-authored-extra-extent-role-unresolved']",0.9214176307070222,0.36480818044420926,246.57645218878932,38.565525551875844,0.0
landsd/232240:0,HONG KONG CENTRAL LIBRARY,B375841567402063C0,4,"['missing-outer-boundary-or-components', 'source-authored-extra-extent-role-unresolved']",0.9210672742956412,0.14000947451383366,422.94242225740174,19.539079998481675,0.0
landsd/239350:0,OLYMPIAN CITY 2,B348451958602063C0,4,"['missing-outer-boundary-or-components', 'source-authored-extra-extent-role-unresolved', 'overlapping-source-surface-ownership-unresolved']",0.9181136803199711,1.3808794679552556,607.3506061542191,23.75776086619994,638.0846883077718
landsd/232526:0,B361251909902063C0,B361251909902063C0,4,"['missing-outer-boundary-or-components', 'source-authored-extra-extent-role-unresolved', 'overlapping-source-surface-ownership-unresolved']",0.9129959260213385,0.007511956045700319,379.37022076033986,19.55436875970169,19.267874380898956
landsd/232089:0,B148472587602062G0,B148472587602062G0,4,['missing-outer-boundary-or-components'],0.9113486848884998,0.42473616315137375,862.6483046303711,1.6012308646333375,0.002795337926898788
landsd/310787:0,HOTEL INTER-CONTINENTAL HONG KONG,B359761718602063C0,4,"['missing-outer-boundary-or-components', 'source-authored-extra-extent-role-unresolved']",0.8962473818087309,0.26914365192674516,1032.9415503162645,27.455596722427753,0.23973356436376125
landsd/118003:0,B355371859301063C0,B355371859301063C0,4,"['missing-outer-boundary-or-components', 'overlapping-source-surface-ownership-unresolved']",0.8935323393381158,0.0006488924441119259,6.034313731778441,2.396736843949516,2.317591940104823
landsd/245792:0,,B344532032902063C0,4,"['missing-outer-boundary-or-components', 'source-authored-extra-extent-role-unresolved', 'overlapping-source-surface-ownership-unresolved']",0.8866968963517858,335.86351496330286,988.4380061039118,44.502808102067846,70.48218050000078
landsd/76610:0,B385352847202063C0,B385352847202063C0,4,"['missing-outer-boundary-or-components', 'overlapping-source-surface-ownership-unresolved']",0.8859273301604003,5.853952992440972,2648.082948576076,6.708681443469669,11.568085077481648
landsd/167911:0,The Peak Galleria (Bus Terminus under),B334771463301063C0,4,"['missing-outer-boundary-or-components', 'source-authored-extra-extent-role-unresolved', 'overlapping-source-surface-ownership-unresolved']",0.8809663476671982,2.4716245980040354,810.8647547040579,38.88288958526616,79.6765483943051
landsd/177765:0,B110771698901062G0,B110771698901062G0,4,"['missing-outer-boundary-or-components', 'source-authored-extra-extent-role-unresolved']",0.8171066559796137,2.286966404799987e-06,128.10347422172964,18.873669112122958,0.0
landsd/319571:0,Harbour One,B317491647401063C0,4,['missing-outer-boundary-or-components'],0.7995831334553773,6.230123649734457e-13,149.6257135929934,0.4453336362836877,0.00903607538362188
landsd/330243:0,Southland Tower 1A,B353511186901063C0,4,"['missing-outer-boundary-or-components', 'overlapping-source-surface-ownership-unresolved']",0.7859307221671767,0.001003323229161018,185.7665828752218,2.987416875902909,89.64465981205613
landsd/9778:0,B393472409802062G0,B393472409802062G0,4,['missing-outer-boundary-or-components'],0.785156003816996,0.0,45.38180389611646,0.7385872948049295,0.0
landsd/213579:0,POK OI HOSPITAL,B223703400701063C0,4,['missing-outer-boundary-or-components'],0.7824690171248866,9.960820507089315,2487.891529409608,3.6525263608315255,0.0
landsd/240962:0,Shangri-La,B362851756301063C0,4,['missing-outer-boundary-or-components'],0.7501506286927074,0.3386386714675405,967.7622462094546,1.9673523289815116,0.0
landsd/244581:0,International Christian Quality Music Secondary and Primary School,B392132290401063C0,4,"['missing-outer-boundary-or-components', 'source-authored-extra-extent-role-unresolved']",0.7430436065773094,0.01543694626745926,955.233666328152,11.307815460130287,0.0022228851339925466
landsd/26195:0,,B351161568102063C1,4,"['missing-outer-boundary-or-components', 'source-authored-extra-extent-role-unresolved', 'overlapping-source-surface-ownership-unresolved']",0.7003536267695749,0.7297700897106082,6172.00287914615,17.29759341642641,11.849662769687331
landsd/280350:0,B156122977802063C0,B156122977802063C0,4,"['missing-outer-boundary-or-components', 'overlapping-source-surface-ownership-unresolved']",0.6859876929020807,0.004058475983405594,5173.129640159542,8.046038402050456,1668.1915068288486
landsd/277859:0,,B391942913201063C0,4,"['missing-outer-boundary-or-components', 'source-authored-extra-extent-role-unresolved', 'overlapping-source-surface-ownership-unresolved']",0.6831812564228898,0.48446355633395305,4808.855443430395,79.42117669639339,1721.4945198999874
landsd/164125:0,Royal Terrace,B396661673301063C0,4,['missing-outer-boundary-or-components'],0.6607902511690079,0.00808232864640257,399.89496975844696,1.4518528673856885,0.0
landsd/145750:0,Harbour Grand Kowloon,B378651820901063C0,4,['missing-outer-boundary-or-components'],0.6520316699041151,0.0006561279297115641,1267.7797960807777,1.9970697750485829,0.12773002849777787
landsd/7055:0,Kam Fat Building,B337811164701063C0,4,['missing-outer-boundary-or-components'],0.6233863117510839,0.0015460269523855142,197.18149427064262,2.673251061613706,0.0
landsd/311763:0,Southland Tower 2A,B353661194301063C0,4,"['missing-outer-boundary-or-components', 'overlapping-source-surface-ownership-unresolved']",0.5758537780881332,0.0011696143906839691,310.46449585919686,2.1440868948926703,47.133532394236816
landsd/215934:0,Marco Polo Hongkong Hotel,B354441736701063C0,4,"['missing-outer-boundary-or-components', 'overlapping-source-surface-ownership-unresolved']",0.5734746065922085,6.749220863432066e-13,2699.4951404969806,5.1283818195078785,25.038915799800083
landsd/190963:0,Siu Hong Shopping Centre,B157953036301063C0,4,['missing-outer-boundary-or-components'],0.5660620188993669,0.03515625,938.7158132564568,2.627083777330352,0.0
landsd/276873:0,B325281632801063C0,B325281632801063C0,4,['missing-outer-boundary-or-components'],0.5611418851732947,0.0,139.4578729573506,2.7877178143341506,0.0
landsd/253980:0,Hong Kong Parkview Block 14,B384951311701063C0,4,"['missing-outer-boundary-or-components', 'overlapping-source-surface-ownership-unresolved']",0.4923445367395268,1.7698688990611978e-12,562.0574629382651,0.7021369114775758,25.787286456292424
landsd/156599:0,Ocean Centre,B354381745901063C0,4,['missing-outer-boundary-or-components'],0.48727389172265634,482.05300282790415,4159.742021566501,0.8354093262011185,0.0
landsd/264677:0,Folkland Mansion,B349182048401063C0,4,['missing-outer-boundary-or-components'],0.48434315967956604,0.00027561187744140625,359.1886058627331,0.5172995200414389,0.0
landsd/69025:0,The Hong Kong Academy for Performing Arts Administration Block,B354511570301063C0,4,"['missing-outer-boundary-or-components', 'source-authored-extra-extent-role-unresolved']",0.47764419993046564,2.0675585192296956e-12,3004.2972989172586,23.56889138039157,0.0
landsd/322573:0,Opus Hong Kong,B359951448601063C0,4,['missing-outer-boundary-or-components'],0.4632060898282001,4.784690998703572,790.9003426196466,0.8088457123291289,0.0
landsd/59289:0,Yoho Town Block 9,B217753367701063C0,4,"['missing-outer-boundary-or-components', 'source-authored-extra-extent-role-unresolved']",0.45702156678313255,1.0897660749143103e-12,238.2880333523355,12.677186460502528,0.0
landsd/237751:0,Wah Shun Gardens,B396821652001063C0,4,['missing-outer-boundary-or-components'],0.4468817943869365,1.9107652068916348,675.1899826706041,0.14149724376943248,0.0
landsd/147996:0,B350352046901063C0,B350352046901063C0,4,['missing-outer-boundary-or-components'],0.4409495388595443,1.2800225574809753e-05,81.27422779584927,2.8874429299900854,0.0030141810656860004
landsd/231013:0,SHA TIN TOWN HALL,B375562685502063C0,4,"['missing-outer-boundary-or-components', 'source-authored-extra-extent-role-unresolved', 'overlapping-source-surface-ownership-unresolved']",0.4379018210048733,0.0,7652.491592970733,37.25579309490388,477.7468014836537
landsd/309822:0,Hong Kong University of Science and Technology Staff Quarters Tower 5-7,B453782220901063C0,4,"['missing-outer-boundary-or-components', 'overlapping-source-surface-ownership-unresolved']",0.3751031102851979,0.03236749417391359,2230.233752836917,0.9225979970400163,2.285141561690262
landsd/64856:0,IFC Mall (Hong Kong Station),B343251620701063C0,4,"['missing-outer-boundary-or-components', 'source-authored-extra-extent-role-unresolved', 'overlapping-source-surface-ownership-unresolved']",0.36953461039407387,0.3318387480286365,21102.13168218622,30.625316177823507,468.62986163379446
landsd/337553:0,Northwest Concourse,B105281936801063C0,4,"['missing-outer-boundary-or-components', 'source-authored-extra-extent-role-unresolved']",0.3367180818824663,0.0,38118.266216850876,77.53004560330217,0.0
landsd/184287:0,Heya Aqua Tower 2,B339412218501063C0,4,['missing-outer-boundary-or-components'],0.32598675060661175,8.131766465479346e-13,1227.2209038111928,0.3598089048432427,0.0
landsd/337552:0,Southwest Concourse,B105461930801063C0,4,"['missing-outer-boundary-or-components', 'source-authored-extra-extent-role-unresolved']",0.30488456295089156,3.005467776784489,39944.70689573924,91.84186209185764,0.0
landsd/254058:0,,B360941889702063C0,4,"['missing-outer-boundary-or-components', 'source-authored-extra-extent-role-unresolved', 'overlapping-source-surface-ownership-unresolved']",0.30200878272241843,11.435683788437423,16135.455277624986,39.400417539868364,119.6180448905623
landsd/17217:0,The Podium,B396193201302063C0,4,"['missing-outer-boundary-or-components', 'source-authored-extra-extent-role-unresolved']",0.2838361531424232,0.0,9385.097653909075,13.58142878809254,0.0
landsd/111357:0,BUILDING 12W,B396403197801063C0,4,"['missing-outer-boundary-or-components', 'source-authored-extra-extent-role-unresolved']",0.2806362620006765,221.44525804374837,9205.585943584825,14.244790117039233,0.0
landsd/176472:0,,B111041700501063C0,4,"['missing-outer-boundary-or-components', 'source-authored-extra-extent-role-unresolved']",0.2729199695089575,0.0,509.26664447434024,43.120926467895956,0.0
landsd/337316:0,Kwong Fung Terrace Block 2,B323331634701063C0,4,['missing-outer-boundary-or-components'],0.22682240701623696,10.723287806930614,1146.8496179388958,0.0,0.0
landsd/256280:0,Oi Sin House,B414231575901063C0,4,['missing-outer-boundary-or-components'],0.202877419700753,124.59840554426141,4345.4664204900755,0.7244622190958445,0.0
landsd/127037:0,Stonecutters Island Sewage Treatment Works Sedimentation Tanks,B324952061001063C0,4,"['missing-outer-boundary-or-components', 'source-authored-extra-extent-role-unresolved']",0.20042005439225793,0.00023407585734071083,27348.76111125075,27.847055558872903,0.0
landsd/173768:0,Elegant Garden Block 1,B322691642101063C0,4,['missing-outer-boundary-or-components'],0.18813008523359845,0.08291099219456757,1374.6294388682306,0.0,0.0
landsd/254629:0,The Orchards Tower 2,B401241601501063C0,4,['missing-outer-boundary-or-components'],0.17591754974654886,0.001036635920014434,4671.197867997418,1.2002336052565077,0.0
landsd/256898:0,Ronsdale Garden Block 1,B381851510001063C0,4,['missing-outer-boundary-or-components'],0.1605659237415218,0.002082083322390688,3227.0555724409705,0.0,0.0
landsd/216203:0,Aqua Marine Block 1,B334092153701063C0,4,['missing-outer-boundary-or-components'],0.09317673660769062,0.16609485335039606,11855.473131800974,1.103044139431738,0.0
landsd/336667:0,Tuen Mun Hospital Main Block,B156072976701063C0,4,['missing-outer-boundary-or-components'],0.0678901801432673,0.5245541362926542,13991.25338581676,1.137223000601654,0.0
landsd/255541:0,Beverly Hill Block D,B371601498801063C0,4,['missing-outer-boundary-or-components'],0.0363347458743598,4.0505158620213e-11,8994.779091936956,2.2303922860539873,0.9550281704578376
landsd/256118:0,Hong Kong Parkview Block 1,B385991328301063C0,4,['missing-outer-boundary-or-components'],0.01716111670089212,33.298710800562475,33623.050455964716,0.8158988518999462,0.0
landsd/311761:0,La Marina Tower 2A,B352941190501063C0,4,['missing-outer-boundary-or-components'],0.011405439333215105,0.7535110080787538,58717.64163837699,0.0,0.0
landsd/204155:0,The Harbourside Tower 3,B346591824001063C0,4,['missing-outer-boundary-or-components'],0.010156680188322982,155.177187535852,133124.86143585457,1.4260626053367804,0.0
landsd/203730:0,The Waterfront Tower VI,B348761848101063C0,4,['missing-outer-boundary-or-components'],0.009357236964675565,22.791039843494485,133364.88399291772,0.20290512892824128,0.0
landsd/204146:0,Skytower,B348041823801063C0,4,['missing-outer-boundary-or-components'],0.008034003464543275,3.0040740966796875e-05,133565.84522380735,0.0,0.0
landsd/213352:0,Central Pier No.8,B347431642801063C0,4,['prior-complete-group-proof-unavailable'],,0,,,
